qid,condition,gold_in_context,answer,faithful,correct,judge_parsed,judge_raw,refused
w067,C1_msa_e5,1,وحدة التبريد تصل سعتها إلى 1600 طن لتزويد الفنادق السياحية.,1,1,1,"مدعوم: نعم  
مطابق: نعم",0
w188,C1_msa_e5,1,ساعتين و11 دقيقة و34 ثانية,1,1,1,"مدعوم: نعم  
مطابق: نعم",0
w102,C1_msa_e5,1,39.6 درجة مئوية,1,1,1,"مدعوم: نعم  
مطابق: نعم",0
w194,C1_msa_e5,1,اسم مدينة تزنيت يعتقد أنه نسبة لامرأة اسمها للا زنينية ويقرأ اسمها بالأمازيغية باسم تزنيت.,1,1,1,"مدعوم: نعم  
مطابق: نعم",0
w112,C1_msa_e5,1,سكان صفرو الأوائل قطنوا الكهوف والمغارات.,1,1,1,"مدعوم: نعم  
مطابق: نعم",0
w122,C1_msa_e5,1,وفقاً لمعلومات النصوص، استعجل البرتغاليون احتلال أزمور حسب مارمول كربخال بسبب وفرة سمك الشابل والتون في أزمور، والإقبال الأوروبي على شرائه.,1,1,1,"مدعوم: نعم  
مطابق: نعم",0
w014,C1_msa_e5,1,"حوالي 36,8 مليون نسمة سنة 2024 según النصوص المقدمة.",1,1,1,"مدعوم: نعم  
مطابق: نعم",0
w003,C1_msa_e5,1,"13,6%",0,0,1,"مدعوم: لا  
مطابق: لا",0
w065,C1_msa_e5,1,أمازيغ الأطلس المتوسط عاشوا في جماعات منعزلة ومغلقة، بمعزل عن القبائل المجاورة، ولم يعرفوا أي شكل من أشكال الاتحاد الكونفدرالي، رغم توالي الغزوات والتأثيرات الثقافية المختلفة على المنطقة.,0,1,1,"مدعوم: لا  
مطابق: نعم",0
w045,C1_msa_e5,1,منح الاتحاد الأوروبي المغرب منحة في ديسمبر 2009 لتشجيع الاستثمارات والصادرات، والمساهمة في تمويل مشروع طرامواي الرباط - سلا.,1,1,1,"مدعوم: نعم  
مطابق: نعم",0
w137,C1_msa_e5,1,100 درهم,1,0,1,"مدعوم: نعم  
مطابق: لا",0
w171,C1_msa_e5,1,حي القيروانيين,1,1,1,"مدعوم: نعم  
مطابق: نعم",0
w129,C1_msa_e5,0,المرابطون استعملوا اللون الأسود باعترافهم الاسمي بشرعية الخلافة العباسية.,1,1,1,"مدعوم: نعم  
مطابق: نعم",0
w077,C1_msa_e5,1,سلالة مكناس هي سلالة موجهة إلى إنتاج الحليب بدون منازع، وهي تتأقلم مع الظروف المناخية للمغرب.,1,1,1,"مدعوم: نعم  
مطابق: نعم",0
w159,C1_msa_e5,1,الproblem الأساسي للماء في قطاع الصناعة بالمغرب هو العقلانية في التدبير وليس التزود.,1,1,1,"مدعوم: نعم  
مطابق: نعم",0
w168,C1_msa_e5,0,مسمى الحصن الذي شيده المطغريون هو ميناء فيكتوريا.,0,0,1,"مدعوم: لا  
مطابق: لا",0
w046,C1_msa_e5,1,عدد الجماعات في المغرب سنة 2009 بلغ 1503 جماعات.,1,1,1,"مدعوم: نعم  
مطابق: نعم",0
w131,C1_msa_e5,1,اعتماد سكان منطقة تاوريرت في معيشتهم على مهاجريهم بالخارج، بالإضافة إلى تربية الماشية والزراعة البورية، خاصة الزراعة السقوية المرتبطة ببعض الآبار، وغرس الشجر.,0,0,1,"مدعوم: لا  
مطابق: لا",0
w031,C1_msa_e5,1,"مساهمة قطاع الخدمات في الناتج المحلي الإجمالي سنة 2017 كانت 56,5%.",1,1,1,"مدعوم: نعم  
مطابق: نعم",0
w004,C1_msa_e5,1,"نسبة الاعتماد على الطاقة الريحية ارتفعت من %2,8 في 2010 إلى %8,1 في 2015 في المغرب.",1,1,1,"مدعوم: نعم  
مطابق: نعم",0
w160,C1_msa_e5,1,3312 منشورًا بالعربية,1,1,1,"مدعوم: نعم  
مطابق: نعم",0
w016,C1_msa_e5,1,المعدل السكاني خلال الفترة 2014-2024 بلغ 0.85%.,1,1,1,"مدعوم: نعم  
مطابق: نعم",0
w043,C1_msa_e5,1,"123,738 نسمة",1,1,1,"مدعوم: نعم  
مطابق: نعم",0
w127,C1_msa_e5,1,ارتفاع سطات عن سطح البحر حوالي 370 مترا.,1,1,1,"مدعوم: نعم  
مطابق: نعم",0
w187,C1_msa_e5,1,حكم بطليموس الموريطاني من 33 حتى 40 ميلادية.,0,0,1,"مدعوم: لا  
مطابق: لا",0
w163,C1_msa_e5,1,5 ديسمبر 1952,1,1,1,"مدعوم: نعم  
مطابق: نعم",0
w048,C1_msa_e5,1,مساهمة الزراعة المسقية في الصادرات الفلاحية تبلغ 75%.,1,1,1,"مدعوم: نعم  
مطابق: نعم",0
w111,C1_msa_e5,1,المعلومة غير متوفرة في النصوص,0,0,1,"مدعوم: لا  
مطابق: لا",1
w006,C1_msa_e5,1,12.8%,1,1,1,"مدعوم: نعم  
مطابق: نعم",0
w195,C1_msa_e5,1,تتولى الهيئة المغربية لسوق الرساميل عدة وظائف، منها حماية المدخرين والمستثمرين، مراقبة سير أسواق الرساميل، ضمان شفافية العمليات المالية، تنظيم المشاركين في السوق والأدوات المالية، وتعزيز الثقافة المالية. وتشرف الهيئة على جميع أسواق الرساميل.,1,1,1,"مدعوم: نعم  
مطابق: نعم",0
w038,C1_msa_e5,1,عدد سكان عين بني مطهر بلغ حوالي 16289 نسمة سنة 2014.,1,1,1,"مدعوم: نعم  
مطابق: نعم",0
w123,C1_msa_e5,1,1476,1,1,1,"مدعوم: نعم  
مطابق: نعم",0
w013,C1_msa_e5,1,استمر تبديل الأوراق البنكية المسحوبة في شبابيك بنك المغرب حتى 31 دجنبر 2011.,1,1,1,"مدعوم: نعم  
مطابق: نعم",0
w037,C1_msa_e5,0,90% من جملة السكان المشتغلين بالزراعة في المغرب.,0,1,1,"مدعوم: لا  
مطابق: نعم",0
w154,C1_msa_e5,1,المقر الرئيسي لصندوق محمد السادس للاستثمار يقع في مدينة الرباط.,1,1,1,"مدعوم: نعم  
مطابق: نعم",0
w070,C1_msa_e5,0,المهدية,0,0,1,"مدعوم: لا  
مطابق: لا",0
w062,C1_msa_e5,1,في عهد الرئيس توماس جيفرسون بدأت الحرب.,1,1,1,"مدعوم: نعم  
مطابق: نعم",0
w196,C1_msa_e5,1,الملك محمد السادس يعين رئيس الهيئة المغربية لسوق الرساميل.,1,1,1,"مدعوم: نعم  
مطابق: نعم",0
w033,C1_msa_e5,1,المغرب يحتل المرتبة 107 في إنتاجية القوى العاملة حسب منظمة العمل الدولية لسنة 2023.,1,1,1,"مدعوم: نعم  
مطابق: نعم",0
w173,C1_msa_e5,1,11 سبتمبر 1953,0,0,1,"مدعوم: لا  
مطابق: لا",0
w172,C1_msa_e5,1,أكتوبر 1955,1,1,1,"مدعوم: نعم  
مطابق: نعم",0
w061,C1_msa_e5,1,أرسل الأسطول البحري الأمريكي في بداية الحرب في مايو 1801.,1,0,1,"مدعوم: نعم  
مطابق: لا",0
w011,C1_msa_e5,1,المعلومة غير متوفرة في النصوص,0,0,1,"مدعوم: لا  
مطابق: لا",1
w145,C1_msa_e5,0,19 مايو 1953م، تكفل به والد عبد الصادق الكلاوي.,0,0,1,"مدعوم: لا  
مطابق: لا",0
w161,C1_msa_e5,1,آلة الكمبري الموسيقية تُصنع من الخشب وجِلد الإبل أو جِلد الماعز.,1,1,1,"مدعوم: نعم  
مطابق: نعم",0
w053,C1_msa_e5,1,المزة تتكون عادةً من 6-8 أنواع من السلطات في مطبخ يهود المغرب.,1,1,1,"مدعوم: نعم  
مطابق: نعم",0
w126,C1_msa_e5,1,رمز مدينة سطات هو الحصان الذي يتواجد في قلب المدينة.,1,1,1,"مدعوم: نعم  
مطابق: نعم",0
w107,C1_msa_e5,1,1959,1,1,1,"مدعوم: نعم  
مطابق: نعم",0
w074,C1_msa_e5,1,المؤسسة الجماعية بمدينة جرادة كانت مؤلفة من منتخبين مختارين من قبل رؤساء العائلات حسب الانتماء الإثني لكل مجموعة قبيلة.,1,1,1,"مدعوم: نعم  
مطابق: نعم",0
w114,C1_msa_e5,1,القصر الصغير يبعد 35 كلم عن الطريق الرابطة بين طنجة وتطوان.,1,1,1,"مدعوم: نعم  
مطابق: نعم",0
w106,C1_msa_e5,1,أُنشئ البنك المخزني المغربي في طنجة شمال المغرب سنة 1907.,1,1,1,"مدعوم: نعم  
مطابق: نعم",0
w096,C1_msa_e5,1,تمت المصادقة على الزيادة الأخيرة في الأجر الفلاحي بموجب المرسوم رقم 2.24.1122 في 26 ديسمبر 2024.,1,1,1,"مدعوم: نعم  
مطابق: نعم",0
w104,C1_msa_e5,1,النموذج الاقتصادي المغربي بين 1956 و1982 ميزه النزعة اللبرالية مع التوجيه الاقتصادي (سياسة المخططات الخماسية)، إضافة إلى سياسة تجارية حمائية، وتدخل وازن للسلطات الحكومية في السياسات الاقتصادية والاجتماعية.,1,1,1,"مدعوم: نعم  
مطابق: نعم",0
w146,C1_msa_e5,1,خاض التهامي الكلاوي أول معركة حربية في سن 15 سنة.,1,1,1,"مدعوم: نعم  
مطابق: نعم",0
w044,C1_msa_e5,1,نسبة الفئة العمرية دون 15 سنة بإقليم خنيفرة هي 24.5%.,1,1,1,"مدعوم: نعم  
مطابق: نعم",0
w001,C1_msa_e5,1,168000 سيارة جديدة بيعت في المغرب سنة 2017.,0,0,1,"مدعوم: لا  
مطابق: لا",0
w162,C1_msa_e5,1,المنشورات بالأمازيغية في الموسم 2018-2019 كانت 45 منشورًا.,1,1,1,"مدعوم: نعم  
مطابق: نعم",0
w193,C1_msa_e5,1,تزنيت تلقب بعاصمة الفضة لأنها تشتهر بصناعة وإنتاج المجوهرات الفضية.,1,1,1,"مدعوم: نعم  
مطابق: نعم",0
w017,C1_msa_e5,1,88.8%,1,1,1,"مدعوم: نعم  
مطابق: نعم",0
w081,C1_msa_e5,1,المعرض الدولي للفلاحة بالمغرب يدوم لمدة 6 أيام.,1,1,1,"مدعوم: نعم  
مطابق: نعم",0
w103,C1_msa_e5,1,أبرز أودية عين بني مطهر هي واد الشارف واد تبودة وادي مسخسخة وادي وزين.,1,1,1,"مدعوم: نعم  
مطابق: نعم",0
w039,C1_msa_e5,1,المعلومة غير متوفرة في النصوص,0,0,1,"مدعوم: لا  
مطابق: لا",1
w157,C1_msa_e5,1,المستشفى وأخصائي صحة مدني واحد ومستوصف صحي ودار للولادة.,1,1,1,"مدعوم: نعم  
مطابق: نعم",0
w177,C1_msa_e5,1,الموارد الطبيعية والترفيهية، من بينها المنتزه الوطني لإفران، والبحيرات والمصادر والشلالات والمجالات الغابوية، فضلًا عن محطة ميشليفن للتزلج.,1,1,1,"مدعوم: نعم  
مطابق: نعم",0
w136,C1_msa_e5,1,67%,1,1,1,"مدعوم: نعم  
مطابق: نعم",0
w079,C1_msa_e5,1,مدينة الحاجب تبعد 32 كلم عن مكناس.,1,1,1,"مدعوم: نعم  
مطابق: نعم",0
w116,C1_msa_e5,1,في 23 أكتوبر 1458م، استولى الجيش البرتغالي بقيادة ألفونس الخامس على القصر الصغير.,1,1,1,"مدعوم: نعم  
مطابق: نعم",0
w020,C1_msa_e5,1,الواردات المغربية تتكون أساسا من المواد الطاقية ومواد التجهيز والمواد الاستهلاكية.,1,1,1,"مدعوم: نعم  
مطابق: نعم",0
w015,C1_msa_e5,1,"معدل التمدن في المغرب تضاعف من 29% في 1960 إلى 62,8% في 2024.",1,1,1,"مدعوم: نعم  
مطابق: نعم",0
w178,C1_msa_e5,1,تم تأسيس مركز المغرب العربي للدراسات الاستراتيجية في عام 1994.,1,1,1,"مدعوم: نعم  
مطابق: نعم",0
w147,C1_msa_e5,1,تم تدشين مستشفى القرب بأحفير يوم 25 يوليوز 2024.,1,1,1,"مدعوم: نعم  
مطابق: نعم",0
w180,C1_msa_e5,1,معظم وحدات صناعة التجميد تتمركز في جنوب المغرب، وذلك بسبب تطوير صيد الرخويات والصيد السطحي.,1,1,1,"مدعوم: نعم  
مطابق: نعم",0
w066,C1_msa_e5,1,المعلومة غير متوفرة في النصوص,0,0,1,"مدعوم: لا  
مطابق: لا",1
w085,C1_msa_e5,1,مشكلة النظافة، قلة الموارد المائية، نقص الخدمات اللوجستيكية، نقص قنوات الصرف الصحي، ضعف قطاع الصحة، غياب الأساتذة، عدم وجود مدارس إعدادية أو ثانوية، نقص الأدوية، عدم وجود مرافق تعليمية، غياب المرافق المهمشة، نقص الأنشطة التعليمية، نقص المدارس الثانوية، نقص المدارس الإعدادية، نقص المدارس الثانوية، نقص المدارس الإعداد,0,0,1,"مدعوم: لا  
مطابق: لا",0
w166,C1_msa_e5,1,أسكيا وضع الإصلاحات السياسية والاقتصادية في جميع أنحاء الإمبراطورية خلال فترة حكمه.,1,1,1,"مدعوم: نعم  
مطابق: نعم",0
w047,C1_msa_e5,1,1050000 هكتار,1,1,1,"مدعوم: نعم  
مطابق: نعم",0
w105,C1_msa_e5,1,أولى الأوراش الاقتصادية لأولى الحكومات المغربية بعد الاستقلال كانت إرساء الاستقلالية الاقتصادية، وذلك عبر إصدار العملة الوطنية، وخلق مؤسسات الوصاية والتوجيه الاقتصادي، وإرساء نظام بنكي عصري.,1,1,1,"مدعوم: نعم  
مطابق: نعم",0
w080,C1_msa_e5,1,"مغارة ""إيفري عمرو موسى"" هي أشهر مغارة بمدينة الحاجب.",0,0,1,"مدعوم: لا  
مطابق: لا",0
w055,C1_msa_e5,1,أكثر من أربعة وثلاثين موقعًا للنقش الصخري في إقليم السمارة.,1,1,1,"مدعوم: نعم  
مطابق: نعم",0
w197,C1_msa_e5,1,سبعة سلاطين من أبناء المولى إسماعيل تولوا الحكم بين 1727 و1757.,1,1,1,"مدعوم: نعم  
مطابق: نعم",0
w086,C1_msa_e5,1,تم افتتاح المنطقة الحرة الأطلسية في سنة 2012.,1,1,1,"مدعوم: نعم  
مطابق: نعم",0
w119,C1_msa_e5,1,تبلغ المساحة الإجمالية للقصبة المخزنية بتزنيت 6704م² وعدد أبراجها 5.,1,1,1,"مدعوم: نعم  
مطابق: نعم",0
w110,C1_msa_e5,1,محمد بن عثمان المكناسي زار إسبانيا لعقد معاهدة لتجديد الصلح بين الدولتين وإطلاق صراح الأسرى الجزائريين بإسبانيا.,1,1,1,"مدعوم: نعم  
مطابق: نعم",0
w134,C1_msa_e5,1,سجلماسة بنيت سنة 140 هـ/757م من قبل عيسى بن يزيد الأسود.,1,1,1,"مدعوم: نعم  
مطابق: نعم",0
w143,C1_msa_e5,1,صالح بن عبد الحليم الأيلاني ينتمي إلى قبيلة الأيلاني.,1,1,1,"مدعوم: نعم  
مطابق: نعم",0
w034,C1_msa_e5,1,2700 مليون كيلو瓦特,1,1,1,"مدعوم: نعم  
مطابق: نعم",0
w019,C1_msa_e5,1,15% من مجموع الصادرات عام 2003.,1,1,1,"مدعوم: نعم  
مطابق: نعم",0
w141,C1_msa_e5,1,عزيز أخنوش كان رئيس الحكومة المغربية سنة 2024.,1,1,1,"مدعوم: نعم  
مطابق: نعم",0
w124,C1_msa_e5,1,عاصمة الشاوية,1,1,1,"مدعوم: نعم  
مطابق: نعم",0
w176,C1_msa_e5,0,رسالة الجامعة تحتضنها مدينة إفران مدفوعة بقيم التضامن والتسامح البشري.,0,0,1,"مدعوم: لا  
مطابق: لا",0
w064,C1_msa_e5,1,صناعة الفخار، الدباغة، صياغة الحلي.,1,1,1,"مدعوم: نعم  
مطابق: نعم",0
w084,C1_msa_e5,1,اقتصاد مدينة مرزوقة يعتمد بشكل أساسي على السياحة.,0,1,1,"مدعوم: لا  
مطابق: نعم",0
w149,C1_msa_e5,1,مقاومة تاكفاريناس دامت سبع سنوات.,1,1,1,"مدعوم: نعم  
مطابق: نعم",0
w101,C1_msa_e5,1,المعلومة غير متوفرة في النصوص,0,0,1,"مدعوم: لا  
مطابق: لا",1
w156,C1_msa_e5,0,10 أطباء,0,0,1,"مدعوم: لا  
مطابق: لا",0
w073,C1_msa_e5,1,في يوليو – غشت 1947 تم خلق مركز المراقب المدني بجرادة.,0,1,1,"مدعوم: لا  
مطابق: نعم",0
w028,C1_msa_e5,1,الأقطاب التنافسية الثلاثة التي أحدثها مخطط أليوتيس في المغرب هي طنجة وأكادير والعيون.,1,1,1,"مدعوم: نعم  
مطابق: نعم",0
w185,C1_msa_e5,1,شرشال,1,1,1,"مدعوم: نعم  
مطابق: نعم",0
w113,C1_msa_e5,1,بعض سكان بلدة البهاليل المجاورة لمدينة صفرو ما زال يستقرون في الكهوف.,1,1,1,"مدعوم: نعم  
مطابق: نعم",0
w052,C1_msa_e5,1,معركة تازينة وقعت في 19 مايو 1881م.,1,1,1,"مدعوم: نعم  
مطابق: نعم",0
w175,C1_msa_e5,1,2 مارس 1956,1,1,1,"مدعوم: نعم  
مطابق: نعم",0
w005,C1_msa_e5,1,"بلغت انبعاثات ثاني أكسيد الكربون 1,6 طن للفرد الواحد في عام 2015 في المغرب.",1,1,1,"مدعوم: نعم  
مطابق: نعم",0
w030,C1_msa_e5,1,بلغ إنتاج الصيد البحري سنة 2016 حوالي 1.46 مليون طن.,1,1,1,"مدعوم: نعم  
مطابق: نعم",0
w184,C1_msa_e5,1,بعد أسره، نشأ يوبا الثاني في القصر وعاش في كنف الإمبراطور أغسطس، حيث تعلم الفنون والآداب والعلوم في مدارس روما وأثينا.,1,1,1,"مدعوم: نعم  
مطابق: نعم",0
w100,C1_msa_e5,1,167 مقعدًا,1,1,1,"مدعوم: نعم  
مطابق: نعم",0
w099,C1_msa_e5,1,باب بوجلود يعد المدخل الرئيسي لفاس البالي.,0,0,1,"مدعوم: لا  
مطابق: لا",0
w132,C1_msa_e5,1,مدينة سجلماسة التاريخية تقع في واحة كبيرة جنوب الأطلس الكبير، مقابلة لمدينة الريصاني في تافيلالت الحالية، بالمغرب.,1,1,1,"مدعوم: نعم  
مطابق: نعم",0
w125,C1_msa_e5,1,سطات تبعد حوالي 83 كم عن الدار البيضاء.,1,1,1,"مدعوم: نعم  
مطابق: نعم",0
w199,C1_msa_e5,1,لقد تحولت الصويرة إلى العاصمة الاقتصادية للمغرب عندما أعاد السلطان محمد بن عبد الله بناء المدينة على النمط العصري، مما أدى إلى بناء ميناء جديدا وقاعدة عسكرية بحرية، مما أدى إلى تنشيط الاقتصاد وجعلها مركزا تجاريا رئيسيا.,0,0,1,"مدعوم: لا  
مطابق: لا",0
w135,C1_msa_e5,1,من 17% إلى 19% سنة 1984.,1,1,1,"مدعوم: نعم  
مطابق: نعم",0
w179,C1_msa_e5,1,183 وحدة,1,1,1,"مدعوم: نعم  
مطابق: نعم",0
w121,C1_msa_e5,1,أوعبيد الله كانت تعرف بقصبة المرينيين في العصر المريني.,1,1,1,"مدعوم: نعم  
مطابق: نعم",0
w035,C1_msa_e5,1,حصة المدارات المسقية في الناتج المحلي الخام بين 7% و10% حسب الحالة المائية للسنة.,1,1,1,"مدعوم: نعم  
مطابق: نعم",0
w049,C1_msa_e5,1,بنك المغرب وسع نطاق تقلب سعر الصرف إلى ±2.5% من سعر الصرف المحوري.,1,1,1,"مدعوم: نعم  
مطابق: نعم",0
w170,C1_msa_e5,1,تم إقصاء الإدريسيين نهائيا من المغرب في عام 985.,1,1,1,"مدعوم: نعم  
مطابق: نعم",0
w139,C1_msa_e5,1,المعلومة غير متوفرة في النصوص,0,0,1,"مدعوم: لا  
مطابق: لا",1
w150,C1_msa_e5,1,مدينة أصيلة تشتهر بالقصبة التاريخية وأسوارها وأبوابها المصنفة كتراث وطني، وبمهرجانها الثقافي الدولي الذي يقام كل صيف.,1,1,1,"مدعوم: نعم  
مطابق: نعم",0
w133,C1_msa_e5,1,الدولة الإسلامية الأولى التي شيدت بالمغرب الإسلامي قبل سجلماسة هي الدولة الأدارسة، والتي تأسست في عام 788 م.,0,0,1,"مدعوم: لا  
مطابق: لا",0
w128,C1_msa_e5,0,اللون الأبيض اتخذه الموحدون شعارا لهم.,1,1,1,"مدعوم: نعم  
مطابق: نعم",0
w022,C1_msa_e5,1,إنفاقات حرب الصحراء بلغت يوميا مبلغ مليون دولار.,1,1,1,"مدعوم: نعم  
مطابق: نعم",0
w082,C1_msa_e5,1,الأيام الثلاثة الأولى من المعرض مخصصة للمحترفين، بينما تبقى الأيام الثلاثة الأخيرة مفتوحة لعامة الناس.,0,0,1,"مدعوم: لا  
مطابق: لا",0
w078,C1_msa_e5,1,مدينة الحاجب تقع على ارتفاع 1200 متر فوق سطح البحر.,1,1,1,"مدعوم: نعم  
مطابق: نعم",0
w010,C1_msa_e5,1,降低了0.5个百分点从2016年的3.5%降至2017年的3.0% من إجمالي الناتج المحلي.,0,0,1,"مدعوم: لا  
مطابق: لا",0
w083,C1_msa_e5,1,"مساحة المعرض الدولي للفلاحة بالمغرب تبلغ 370,000 م².",1,1,1,"مدعوم: نعم  
مطابق: نعم",0
w165,C1_msa_e5,1,محمد توري أطاح بسني أبو بكر في إمبراطورية صنغاي.,1,1,1,"مدعوم: نعم  
مطابق: نعم",0
w120,C1_msa_e5,1,القصبة المخزنية بتزنيت تُنسب إلى القائد الحاحي محمد أغناج الذي قام بحملة على سوس بإيعاز من المولى سليمان عام 1810م.,1,1,1,"مدعوم: نعم  
مطابق: نعم",0
w090,C1_msa_e5,1,الهدف من اللجنة الوطنية لمناخ الأعمال هو اقتراح التدابير الرامية إلى تحسين الإطار القانوني والتنظيمي للأعمال، وتنسيق تنفيذها، وتقييم أثرها على القطاعات المعنية.,1,1,1,"مدعوم: نعم  
مطابق: نعم",0
w069,C1_msa_e5,1,درجات الحرارة تنخفض بشكل ملحوظ في الأطلس المتوسط الشرقي في المرتفعات التي تتجاوز 1500 متر.,1,1,1,"مدعوم: نعم  
مطابق: نعم",0
w054,C1_msa_e5,1,السلطات في مطبخ يهود المغرب كانت تُتبّل بالفلفل وزيت الزيتون والكمون.,1,1,1,"مدعوم: نعم  
مطابق: نعم",0
w091,C1_msa_e5,0,المغرب لم يكن تحت السيادة العثمانية، بل كان تحت سيطرة إسبانيا والإمبراطورية الفرنسية والحماية الفرنسية والإسبانية.,0,1,1,"مدعوم: لا  
مطابق: نعم",0
w095,C1_msa_e5,1,سوق خميس تمسمان يبعد 2 كم عن وسط المدينة الصغيرة كرونة.,1,1,1,"مدعوم: نعم  
مطابق: نعم",0
w042,C1_msa_e5,1,الصين تسبق المغرب في إنتاج الفوسفات.,1,1,1,"مدعوم: نعم  
مطابق: نعم",0
w094,C1_msa_e5,1,امتدت سيادة سلاطين المغرب حسب الحجج التاريخية إلى نهر السنغال.,1,1,1,"مدعوم: نعم  
مطابق: نعم",0
w117,C1_msa_e5,1,ألبرت حوراني,1,1,1,"مدعوم: نعم  
مطابق: نعم",0
w200,C1_msa_e5,1,"34,000 رجل",1,1,1,"مدعوم: نعم  
مطابق: نعم",0
w158,C1_msa_e5,1,ازداد عدد الساكنين الحضريين بالمغرب من 13 إلى 17 مليون نسمة بين 1992 و2004.,1,1,1,"مدعوم: نعم  
مطابق: نعم",0
w026,C1_msa_e5,1,في سنة 2025 أمد المغرب إسبانيا بالكهرباء خلال الانقطاع الإيبيري.,0,0,1,"مدعوم: لا  
مطابق: لا",0
w181,C1_msa_e5,1,صناعة التجميد تتميز بقدرة إنتاجية تصل إلى حوالي 8300 طن في اليوم الواحد.,1,1,1,"مدعوم: نعم  
مطابق: نعم",0
w148,C1_msa_e5,1,وزير الصحة والحماية الاجتماعية خالد آيت الطالب,1,1,1,"مدعوم: نعم  
مطابق: نعم",0
w075,C1_msa_e5,1,تنتشر سلالة الأبقار الماس زعير في منطقة الرماني وزمور وزعير وقبائل زيان خاصة في منطقة مريرت.,1,1,1,"مدعوم: نعم  
مطابق: نعم",0
w059,C1_msa_e5,1,المصريون الذين قام الاستعمار الإسباني بإحصائهم سنة 1974م.,0,0,1,"مدعوم: لا  
مطابق: لا",0
w153,C1_msa_e5,1,صندوق محمد السادس للاستثمار تأسس في عام 2021.,1,1,1,"مدعوم: نعم  
مطابق: نعم",0
w018,C1_msa_e5,1,%9,0,0,1,"مدعوم: لا  
مطابق: لا",0
w050,C1_msa_e5,1,الهدف الحكومي لخفض الدين العام إلى 60% من إجمالي الناتج المحلي بحلول عام 2021.,1,1,1,"مدعوم: نعم  
مطابق: نعم",0
w093,C1_msa_e5,1,منذ عام 1960 يتبع إقليم شنقيط لموريتانيا.,1,1,1,"مدعوم: نعم  
مطابق: نعم",0
w076,C1_msa_e5,1,سلالة تيديلي تم اكتشافها في سنة 1981.,1,1,1,"مدعوم: نعم  
مطابق: نعم",0
w142,C1_msa_e5,1,وزير الداخلية بالمغرب سنة 2024 كان عبد الوافي لفتيت.,1,1,1,"مدعوم: نعم  
مطابق: نعم",0
w021,C1_msa_e5,1,55.8%,1,1,1,"مدعوم: نعم  
مطابق: نعم",0
w097,C1_msa_e5,1,اتفاق أبريل 2011 نص على توحيد حد الأدنى للأجور بين القطاعات الفلاحية وغير الفلاحية خلال ثلاث سنوات.,1,1,1,"مدعوم: نعم  
مطابق: نعم",0
w032,C1_msa_e5,1,3750 دولار أمريكي,1,1,1,"مدعوم: نعم  
مطابق: نعم",0
w138,C1_msa_e5,1,مصادر الدخل التي اعتمدتها جمهورية الريف كانت من شكلين رئيسيين: الزكاة وغرامات المجرمين.,0,0,1,"مدعوم: لا  
مطابق: لا",0
w118,C1_msa_e5,1,المقومات المدنية والجيشية والقضائية وال administrative والجيشية والقضائية تتوفر على الإمبراطورية المغربية حسب حوراني.,0,0,1,"مدعوم: لا  
مطابق: لا",0
w012,C1_msa_e5,1,الأوراق البنكية القديمة فقدت قدرتها الإبرائية منذ فاتح أبريل 1998.,1,1,1,"مدعوم: نعم  
مطابق: نعم",0
w068,C1_msa_e5,1,مركز الريش يتوفر على تعاونية للحليب التي تنتج فائضا يتم تسويقه بمدينة مكناس.,1,1,1,"مدعوم: نعم  
مطابق: نعم",0
w089,C1_msa_e5,1,レベル المعيشة والتفاوتات الاجتماعية المغرب لازال يسجل نسب مرتفعة على مستوى الفوارق الاجتماعية، إذ ارتفعت نسبة المؤشر الجيني من 39 إلى 40.9%، وأبرز بركة أن هذه النسبة المسجلة تبقى قليلة، مقارنة مع دول أخرى، رغم معدلات النمو المرتفعة التي تحققها. اللجنة الوطنية لمناخ الأعمال أُحدثت في ديسمبر 2009، وتُرأسها رئيس الحكومة.,0,0,1,"مدعوم: لا  
مطابق: لا",0
w092,C1_msa_e5,1,مليلت كانت اعتُبرت أكبر وأهم مدينة أمازيغية في ذلك الوقت.,0,0,1,"مدعوم: لا  
مطابق: لا",0
w025,C1_msa_e5,1,الاستثمارات الأمريكية تتركز في قطاعي السياحة والنسيج في المغرب.,1,1,1,"مدعوم: نعم  
مطابق: نعم",0
w098,C1_msa_e5,1,المدرسة البوعنانية بفاس بنيت بين عامي 1350م و1355م.,1,1,1,"مدعوم: نعم  
مطابق: نعم",0
w183,C1_msa_e5,1,على يد الإمبراطور كلوديوس خمدت ثورة إيديمون.,1,1,1,"مدعوم: نعم  
مطابق: نعم",0
w191,C1_msa_e5,1,الدراسات الاستعمارية تقسم المغرب إلى بلاد السيبة وبلاد المخزن.,1,1,1,"مدعوم: نعم  
مطابق: نعم",0
w087,C1_msa_e5,1,المعلومة غير متوفرة في النصوص,0,0,1,"مدعوم: لا  
مطابق: لا",1
w182,C1_msa_e5,1,الوجهة الرئيسية للمنتجات البحرية المجمدة المغربية هي الاتحاد الأوروبي.,1,1,1,"مدعوم: نعم  
مطابق: نعم",0
w040,C1_msa_e5,1,عدد المؤسسات الابتدائية التي استغلت خلال الموسم الدراسي 2008/2009 هو 435 مدرسة.,1,1,1,"مدعوم: نعم  
مطابق: نعم",0
w169,C1_msa_e5,1,حوالي 2000 تاجر عربي جاءوا من القيروان في تونس.,1,1,1,"مدعوم: نعم  
مطابق: نعم",0
w088,C1_msa_e5,1,مساحة المنطقة الحرة الأطلسية تقدر بحوالي 500 هكتار.,1,1,1,"مدعوم: نعم  
مطابق: نعم",0
w186,C1_msa_e5,1,والدة بطليموس الموريطاني هي كليوباترا سيليني الثانية.,1,1,1,"مدعوم: نعم  
مطابق: نعم",0
w041,C1_msa_e5,1,75%,1,1,1,"مدعوم: نعم  
مطابق: نعم",0
w002,C1_msa_e5,1,مصنع رينو-نيسان في المغرب يقع في طنجة.,1,1,1,"مدعوم: نعم  
مطابق: نعم",0
w072,C1_msa_e5,1,بين 67 سنوات، من 1614 إلى 1681.,1,1,1,"مدعوم: نعم  
مطابق: نعم",0
w151,C1_msa_e5,1,الاستغلال الذي فرض على الأمازيغ، مثل السيطرة على أجود الأراضي الفلاحية، وفرض السخرة على السكان، واستعمال القوة في إخضاعهم، كانت الأسباب التي دفعت الأمازيغ إلى مقاومة الرومان.,1,1,1,"مدعوم: نعم  
مطابق: نعم",0
w115,C1_msa_e5,1,القصر الصغير يزخر ببقايا أثرية تتمثل في مسجد، وحمام، ومركز تجاري، ويعود تاريخها إلى فترات تاريخية تمتد من القرن 12 الميلادي إلى غاية القرن 14 الميلادي.,1,1,1,"مدعوم: نعم  
مطابق: نعم",0
w057,C1_msa_e5,1,سعيد العلام,1,1,1,"مدعوم: نعم  
مطابق: نعم",0
w108,C1_msa_e5,0,السبب الرئيسي لتنظيم مؤتمر الجزيرة الخضراء سنة 1906 كان تسوية الأزمة المغربية الأولى بين فرنسا وألمانيا، حيث ردت ألمانيا على جهود فرنسا لإنشاء محمية على دولة المغرب المستقلة.,0,0,1,"مدعوم: لا  
مطابق: لا",0
w192,C1_msa_e5,1,تزنيت تبعد عن الرباط 690 كلم وعن أكادير 90 كلم.,1,0,1,"مدعوم: نعم  
مطابق: لا",0
w167,C1_msa_e5,1,مواطن قبيلة مطغرة تمتد على مساحات شاسعة ومتنوعة، من التلال والجبال إلى الواحات والقصور الصحراوية.,1,0,1,"مدعوم: نعم  
مطابق: لا",0
w051,C1_msa_e5,1,ثورة الشيخ بوعمامة دامت ثمانية وعشرون سنة.,1,1,1,"مدعوم: نعم  
مطابق: نعم",0
w144,C1_msa_e5,1,نشأ الأيلاني بمدينة نفيس، التي كانت آنذاك مركزًا علميًا.,1,1,1,"مدعوم: نعم  
مطابق: نعم",0
w198,C1_msa_e5,1,ستة مرات,0,0,1,"مدعوم: لا  
مطابق: لا",0
w155,C1_msa_e5,1,في سياق تدابير الإنعاش الاقتصادي المعتمدة في أعقاب جائحة كوفيد-19.,1,1,1,"مدعوم: نعم  
مطابق: نعم",0
w130,C1_msa_e5,1,موقع تاوريرت بين السلاسل الجبلية المذكورة المنتصبة من جهتي الشمال والغرب، والتي تقف كحاجز أمام تسرب الكتل الهوائية الرطبة نحو الداخل.,1,1,1,"مدعوم: نعم  
مطابق: نعم",0
w060,C1_msa_e5,1,السلطات الإسبانية رحلت القبائل الصحراوية إلى إقليم واد نون في المغرب سنة 1969.,1,1,1,"مدعوم: نعم  
مطابق: نعم",0
w056,C1_msa_e5,1,منذ 4000-ق-م إلى 8000-ق-م,1,1,1,"مدعوم: نعم  
مطابق: نعم",0
w024,C1_msa_e5,1,%122,1,1,1,"مدعوم: نعم  
مطابق: نعم",0
w008,C1_msa_e5,1,المعدل انتقل من 10.5% إلى 21.4% بالوسط القروي بين 2014 و2024.,1,1,1,"مدعوم: نعم  
مطابق: نعم",0
w009,C1_msa_e5,1,المعلومة غير متوفرة في النصوص,0,0,1,"مدعوم: لا  
مطابق: لا",1
w109,C1_msa_e5,1,السفير الثاني الذي زار الأسكوريال هو أحمد بن المهدي الغزال.,1,0,1,"مدعوم: نعم  
مطابق: لا",0
w152,C1_msa_e5,1,أبرز زعماء المقاومة الأمازيغية ضد الرومان هم تاكفاريناس وأيديمون.,1,1,1,"مدعوم: نعم  
مطابق: نعم",0
w023,C1_msa_e5,1,Agreement التجارة الحرة بين المغرب والولايات المتحدة وقعت يوم 15 يونيو 2004.,0,0,1,"مدعوم: لا  
مطابق: لا",0
w140,C1_msa_e5,1,حكومة الريف اتبعت سياسة سحب الأراضي الزراعية من من يتهاون في زرعها للمحافظة على الإنتاج.,1,1,1,"مدعوم: نعم  
مطابق: نعم",0
w174,C1_msa_e5,1,أهداف حرب المدن استهدفت استهداف القطارات، ومكاتب البريد، وثكنات الشرطة الاستعمارية، ومصالح المستوطنين الفرنسيين.,1,1,1,"مدعوم: نعم  
مطابق: نعم",0
w027,C1_msa_e5,1,80% من الفحم يستخدم في توليد الكهرباء بالمغرب.,0,0,1,"مدعوم: لا  
مطابق: لا",0
w189,C1_msa_e5,1,"مريم بوعود فازت بجائزة ""قارئ العام للعالم العربي"" في مسابقة أقرأ.",1,1,1,"مدعوم: نعم  
مطابق: نعم",0
w036,C1_msa_e5,1,40% حتى 60% حسب الحالة المناخية.,1,1,1,"مدعوم: نعم  
مطابق: نعم",0
w058,C1_msa_e5,1,فازت رواية عذراء غرناطة بجائزة كتارا للرواية العربية في سنة 2020.,1,1,1,"مدعوم: نعم  
مطابق: نعم",0
w063,C1_msa_e5,1,الصناعات التقليدية التي يتميز بها مركز الريش هي الزربية والجلباب.,1,1,1,"مدعوم: نعم  
مطابق: نعم",0
w071,C1_msa_e5,1,1500 جندي ثبت الإسبان في حامية المهدية.,1,1,1,"مدعوم: نعم  
مطابق: نعم",0
w190,C1_msa_e5,1,تخوف المغاربة من القانون التشريعي الفرنسي因其可能将 Morocco 分割成两个截然不同的世界，一个以阿拉伯语为主，另一个仅使用阿非利加语（Amazigh），这加剧了民族间的隔阂和对立。,1,1,1,"مدعوم: نعم  
مطابق: نعم",0
w007,C1_msa_e5,1,شكيب بنموسى,1,1,1,"مدعوم: نعم  
مطابق: نعم",0
w029,C1_msa_e5,1,总产值 الداخلي الخام لقطاع الصيد البحري ارتفع من 8.3 مليار درهم في 2007 إلى 15 مليار درهم في 2015.,1,1,1,"مدعوم: نعم  
مطابق: نعم",0
w164,C1_msa_e5,1,السلطان محمد الخامس عاد إلى الدار البيضاء ليؤيد الضحايا وعائلاتهم، ثم دعا إلى إضراب عام، وذهب لطنجة ليلقي خطابه طلباً للاستقلال.,1,1,1,"مدعوم: نعم  
مطابق: نعم",0
w067,C2_darija_e5,1,وحدة التبريد تصل سعتها إلى 1600 طن لتزويد الفنادق السياحية.,1,1,1,"مدعوم: نعم  
مطابق: نعم",0
w188,C2_darija_e5,1,ساعتين و11 دقيقة و34 ثانية,1,1,1,"مدعوم: نعم  
مطابق: نعم",0
w102,C2_darija_e5,1,темперatures تفوق 39.6 درجة في فصل الصيف.,0,1,1,"مدعوم: لا  
مطابق: نعم",0
w194,C2_darija_e5,1,حسب الاعتقاد، تزنيت تُنسب لامرأة اسمها للا زنينية التي كانت تعيش في تلك البقعة القاحلة وتضرعت إلى الله.,1,1,1,"مدعوم: نعم  
مطابق: نعم",0
w112,C2_darija_e5,1,كان أول ساكنين لصفرو قبيلة أهل صفرو، وهي قبيلة أمازيغية يهودية اعتنقت الإسلام.,0,0,1,"مدعوم: لا  
مطابق: لا",0
w122,C2_darija_e5,1,وفقاً لمارمول كربخال، استعجل البرتغاليون احتلال أزمور بسبب وفرة سمك الشابل والتون في المدينة، وإقبال الأوروبيين على شرائه.,1,1,1,"مدعوم: نعم  
مطابق: نعم",0
w014,C2_darija_e5,0,"وصل عدد الساكنة بالمغرب في 2024 إلى 31,270,000 نسمة حسب إحصاء عام 2024.",0,0,1,"مدعوم: لا  
مطابق: لا",0
w003,C2_darija_e5,1,22%,0,0,1,"مدعوم: لا  
مطابق: لا",0
w065,C2_darija_e5,1,الأمازيغ في منطقة الأطلس المتوسط عاشوا في جماعات منعزلة ومغلقة، دون علاقات واضحة مع القبائل المجاورة، وظلوا بعيدين عن الاحتكاك بالحضارات المتعاقبة على منطقة المغرب الكبير.,1,1,1,"مدعوم: نعم  
مطابق: نعم",0
w045,C2_darija_e5,1,لتشجيع الاستثمارات والصادرات، والمساهمة في تمويل مشروع طرامواي الرباط - سلا.,1,1,1,"مدعوم: نعم  
مطابق: نعم",0
w137,C2_darija_e5,1,رسوم تفرض على المواطنين الذين كانوا يلجؤون إلى سبتة ومليلية، وبلغت الرسوم في الناضور 100 درهم للراجلين و 500 درهم للسيارات.,1,0,1,"مدعوم: نعم  
مطابق: لا",0
w171,C2_darija_e5,1,حي القيروانيين سمي بهذا الاسم لي استقر فيه التجار القادمون من القيروان في تونس.,1,1,1,"مدعوم: نعم  
مطابق: نعم",0
w129,C2_darija_e5,0,كان المرابطين يستعملون اللون الكحل في راياتهم باعترافهم الاسمي بشرعية الخلافة العباسية.,0,1,1,"مدعوم: لا  
مطابق: نعم",0
w077,C2_darija_e5,1,سلالة مكناس هي مخصصة لإنتاج الحليب بلا منازع.,1,1,1,"مدعوم: نعم  
مطابق: نعم",0
w159,C2_darija_e5,0,المشكل الأساسي في قطاع الصناعة المغربي هو الاعتماد الزائد على صادرات الفوسفاط، والتي تشكل أهم مورد معدني للمغرب، مما يجعله معرضاً للصدمات العالمية لأسعار هذه السلع.,0,0,1,"مدعوم: لا  
مطابق: لا",0
w168,C2_darija_e5,0,ميناء فيكتوريا,0,0,1,"مدعوم: لا  
مطابق: لا",0
w046,C2_darija_e5,1,عدد الجماعات في المغرب وصل إلى 1503 جماعات في عام 2009.,1,1,1,"مدعوم: نعم  
مطابق: نعم",0
w131,C2_darija_e5,0,الناس في تاوريرت تعتمد أساسا على مهاجرين بالخارج الذين يعودون مع بداية الصيف لدعم اقتصادها.,0,0,1,"مدعوم: لا  
مطابق: لا",0
w031,C2_darija_e5,1,قطاع الخدمات يساهم بنسبة 56.5% في الناتج المحلي الإجمالي للبلاد في 2017.,1,1,1,"مدعوم: نعم  
مطابق: نعم",0
w004,C2_darija_e5,1,"تزايدت نسبة الاعتماد على الطاقة الريحية في المغرب من %2,8 في عام 2010 إلى %8,1 في عام 2015.",1,1,1,"مدعوم: نعم  
مطابق: نعم",0
w160,C2_darija_e5,1,وصل عدد المنشورات بالعربية في الموسم 2018-2019 إلى 3312 منشورًا.,1,1,1,"مدعوم: نعم  
مطابق: نعم",0
w016,C2_darija_e5,1,"عدد سكان المغرب تضاعف تقريباً من 11,6 مليون نسمة في 1960 إلى حوالي 36,8 مليون نسمة في 2024، مما يعني زيادة بنسبة 2.2 مرات خلال العقود الـ68 الماضية.",0,0,1,"مدعوم: لا  
مطابق: لا",0
w043,C2_darija_e5,1,"وصل عدد سكان جماعة خنيفرة في 2024 إلى 123,738 نسمة.",1,1,1,"مدعوم: نعم  
مطابق: نعم",0
w127,C2_darija_e5,1,ارتفاع سطات عن سطح البحر حوالي 370 مترا.,1,1,1,"مدعوم: نعم  
مطابق: نعم",0
w187,C2_darija_e5,1,حكم بطليموس الموريطاني من 33 حتى 40 ميلادية.,0,0,1,"مدعوم: لا  
مطابق: لا",0
w163,C2_darija_e5,1,فرحات حشاد اغتيل في 5 ديسمبر 1952 في تونس العاصمة.,0,1,1,"مدعوم: لا  
مطابق: نعم",0
w048,C2_darija_e5,1,الزراعة المسقية تسهم في 75% من الصادرات الفلاحية.,1,1,1,"مدعوم: نعم  
مطابق: نعم",0
w111,C2_darija_e5,1,أصفراو تعني المنطقة المقعرة في اللغة الأمازيغية.,1,1,1,"مدعوم: نعم  
مطابق: نعم",0
w006,C2_darija_e5,1,12.8%,1,1,1,"مدعوم: نعم  
مطابق: نعم",0
w195,C2_darija_e5,1,الهيئة المغربية لسوق الرساميل تتولى حماية المدخرين والمستثمرين، مراقبة سير أسواق الرساميل، ضمان شفافية العمليات المالية، تنظيم المشاركين في السوق والأدوات المالية، وتعزيز الثقافة المالية. وتشرف على جميع أسواق الرساميل.,1,1,1,"مدعوم: نعم  
مطابق: نعم",0
w038,C2_darija_e5,1,عدد سكان عين بني مطهر في عام 2014 وصل إلى 16289 نسمة.,1,1,1,"مدعوم: نعم  
مطابق: نعم",0
w123,C2_darija_e5,1,1476,1,1,1,"مدعوم: نعم  
مطابق: نعم",0
w013,C2_darija_e5,1,حتى 31 ديسمبر 2011,1,1,1,"مدعوم: نعم  
مطابق: نعم",0
w037,C2_darija_e5,0,حوالي 34% من مجموع القوى العاملة في المغرب يستوعب النشاط الزراعي.,0,1,1,"مدعوم: لا  
مطابق: نعم",0
w154,C2_darija_e5,1,المقر الرئيسي لصندوق محمد السادس للاستثمار يقع في مدينة الرباط.,1,1,1,"مدعوم: نعم  
مطابق: نعم",0
w070,C2_darija_e5,0,المعلومة غير متوفرة في النصوص,0,0,1,"مدعوم: لا  
مطابق: لا",1
w062,C2_darija_e5,1,فأحد الخامس عشر من فبراير 1801 بدأ عهد توماس جيفرسون في الولايات المتحدة بأول خطوة نحو الحرب الأمريكية في ساحل البحر المتوسط.,0,0,1,"مدعوم: لا  
مطابق: لا",0
w196,C2_darija_e5,1,الملك محمد السادس يعين رئيس الهيئة المغربية لسوق الرساميل.,1,1,1,"مدعوم: نعم  
مطابق: نعم",0
w033,C2_darija_e5,1,المغرب يحتل المرتبة 107 في إنتاجية اليد العاملة حسب تقرير منظمة العمل الدولية لسنة 2023.,1,1,1,"مدعوم: نعم  
مطابق: نعم",0
w173,C2_darija_e5,0,16 نونبر 1955,1,1,1,"مدعوم: نعم  
مطابق: نعم",0
w172,C2_darija_e5,1,أكتوبر 1955: الانتقال من العمل الفدائي الفردي إلى القتال المنظم الشامل بالإعلان الرسمي عن تأسيس جيش التحرير المغربي.,1,1,1,"مدعوم: نعم  
مطابق: نعم",0
w061,C2_darija_e5,1,أرسلت الولايات المتحدة في مايو 1801 أسطولاً بحرياً مكوناً من فرقاطتين لبدء الحرب.,0,0,1,"مدعوم: لا  
مطابق: لا",0
w011,C2_darija_e5,1,المعلومات غير متوفرة في النصوص,0,0,1,"مدعوم: لا  
مطابق: لا",1
w145,C2_darija_e5,0,توفي التهامي الكلاوي يوم الاثنين من سنة 1956م على الساعة الواحدة بعد الظهر، ودفن صباح الثلاثاء بضريح ابن سليمان الجزولي، وحضر جنازته وفد من الحكومة المغربية برئاسة الوزير لحسن اليوسي مبعوث الملك محمد الخامس.,1,0,1,"مدعوم: نعم  
مطابق: لا",0
w161,C2_darija_e5,1,آلة الكمبري تصنع في المغرب من الخشب وجِلد الإبل أو جِلد الماعز.,0,1,1,"مدعوم: لا  
مطابق: نعم",0
w053,C2_darija_e5,0,السلطة في المطبخ اليهودي المغربي تستخدم طيفًا واسعًا من الخضروات، منها البطاطس والقرع والجزر والبصل الأخضر والبصل والفول والبازلاء والشمر والكرفس والخرشوف والباذنجان والطماطم والقرنبيط والفاصوليا الخضراء والبيضاء والفلفل الحلو والحار والكوسا والزيتون.,1,1,1,"مدعوم: نعم  
مطابق: نعم",0
w126,C2_darija_e5,1,الرمز المميز لمدينة سطات هو الحصان الذي يتواجد في قلب المدينة.,1,1,1,"مدعوم: نعم  
مطابق: نعم",0
w107,C2_darija_e5,1,1959,1,1,1,"مدعوم: نعم  
مطابق: نعم",0
w074,C2_darija_e5,0,قبائل سكان المغرب الأصليون مثل قبائل زناتة ومديونة كانت مكونة الجماعة في مدينة جرادة.,0,0,1,"مدعوم: لا  
مطابق: لا",0
w114,C2_darija_e5,1,القصر الصغير على بعد 35 كلم من الطريق التي تربط بين طنجة وتطوان.,1,1,1,"مدعوم: نعم  
مطابق: نعم",0
w106,C2_darija_e5,1,1907 في طنجة شمال المغرب.,1,1,1,"مدعوم: نعم  
مطابق: نعم",0
w096,C2_darija_e5,1,مرسوم 2.24.1122 في 26 ديسمبر 2024,1,1,1,"مدعوم: نعم  
مطابق: نعم",0
w104,C2_darija_e5,1,خلال الفترة بين 1956 و1982، اتسم الاقتصاد المغربي بنموذج اقتصادي مختلط، تداخل فيه الاختيار الليبرالي مع الاقتصاد الموجّه، مع إجراءات حكومية واسعة في السياسات الاقتصادية والاجتماعية.,1,1,1,"مدعوم: نعم  
مطابق: نعم",0
w146,C2_darija_e5,1,1886,0,0,1,"مدعوم: لا  
مطابق: لا",0
w044,C2_darija_e5,1,نسبة الفئة العمرية أقل من 15 عامًا في إقليم خنيفرة تشكل 24.5% من السكان.,1,1,1,"مدعوم: نعم  
مطابق: نعم",0
w001,C2_darija_e5,1,168000 سيارة جديدة تباع سنوياً في المغرب في عام 2017.,0,0,1,"مدعوم: لا  
مطابق: لا",0
w162,C2_darija_e5,1,45 منشورًا,1,1,1,"مدعوم: نعم  
مطابق: نعم",0
w193,C2_darija_e5,1,"تعاقب تزنيت على صناعة المجوهرات الفضية منذ القدم، مما أدى إلى تلقيها للاسماك اللامعة بـ ""عاصمة الفضة"".",0,0,1,"مدعوم: لا  
مطابق: لا",0
w017,C2_darija_e5,1,"%f80,4 من استهلاك الطاقة الأولية في 2015 كان من الطاقات الأحفورية.",0,0,1,"مدعوم: لا  
مطابق: لا",0
w081,C2_darija_e5,1,النهاية المعرض الدولي للفلاحة بالمغرب تقام فيها النهارات لمدة 6 أيام في مكناس، المغرب.,0,0,1,"مدعوم: لا  
مطابق: لا",0
w103,C2_darija_e5,1,أبرز الوديان في عين بني مطهر هي واد الشارف واد تبودة وادي مسخسخة وادي وزين.,1,1,1,"مدعوم: نعم  
مطابق: نعم",0
w039,C2_darija_e5,1,المعلومة غير متوفرة في النصوص,0,0,1,"مدعوم: لا  
مطابق: لا",1
w157,C2_darija_e5,1,المستشفى وأخصائي واحد، مستوصف صحي، دار للولادة.,1,1,1,"مدعوم: نعم  
مطابق: نعم",0
w177,C2_darija_e5,1,الموارد السياحية في إفران تعتمد على مجموعة من الموارد الطبيعية والترفيهية، مثل المنتزه الوطني لإفران، والبحيرات والمصادر والشلالات والمجالات الغابوية، فضلًا عن محطة ميشليفن للتزلج.,1,1,1,"مدعوم: نعم  
مطابق: نعم",0
w136,C2_darija_e5,1,زادت أسعار الزبدة بنسبة 67% في 1983.,1,1,1,"مدعوم: نعم  
مطابق: نعم",0
w079,C2_darija_e5,1,مدينة الحاجب تبعد عن مكناس مسافة 32 كلم.,1,1,1,"مدعوم: نعم  
مطابق: نعم",0
w116,C2_darija_e5,1,23 أكتوبر 1458م، استولى الجيش البرتغالي بقيادة الملك ألفonso الخامس على القصر الصغير.,1,1,1,"مدعوم: نعم  
مطابق: نعم",0
w020,C2_darija_e5,1,المواد التجهيزية ومصادر الطاقة والمواد الغذائية تشكل الواردات المغربية أساساً.,1,1,1,"مدعوم: نعم  
مطابق: نعم",0
w015,C2_darija_e5,1,"تطور معدل التمدن في المغرب من 29% سنة 1960 إلى 62,8% سنة 2024.",1,1,1,"مدعوم: نعم  
مطابق: نعم",0
w178,C2_darija_e5,1,تم تأسيس مركز المغرب العربي للدراسات الاستراتيجية في عام 1994.,1,1,1,"مدعوم: نعم  
مطابق: نعم",0
w147,C2_darija_e5,1,مستشفى القرب بأحفير تم تدشينه يوم 25 يوليوز 2024.,1,1,1,"مدعوم: نعم  
مطابق: نعم",0
w180,C2_darija_e5,1,أغلب وحدات صناعة التجميد ت集中在 في جنوب المغرب، بسبب تطوير صيد الرخويات والصيد السطحي.,1,1,1,"مدعوم: نعم  
مطابق: نعم",0
w066,C2_darija_e5,1,المعلومة غير متوفرة في النصوص,0,1,1,"مدعوم: لا  
مطابق: نعم",1
w085,C2_darija_e5,0,مشكلة النظافة، قلة التوعية، قلة الموارد المائية، تدهور غابات النخيل، قلة الخصوبة.,0,0,1,"مدعوم: لا  
مطابق: لا",0
w166,C2_darija_e5,1,دار أسكيا أنشئت في عهد حكم أسكيا محمد، وازداد إنتاج العملات بشكل كبير تحت حكم أسكيا علي.,0,0,1,"مدعوم: لا  
مطابق: لا",0
w047,C2_darija_e5,1,1050000 هكتار,1,1,1,"مدعوم: نعم  
مطابق: نعم",0
w105,C2_darija_e5,1,أولى الأوراش الاقتصادية لأول الحكومات المغربية (حكومات البكاي وعبد الله إبراهيم) كانت إرساء الاستقلالية الاقتصادية، وذلك عبر إصدار العملة الوطنية، وخلق مؤسسات الوصاية والتوجيه الاقتصادي، وإرساء نظام بنكي عصري.,1,1,1,"مدعوم: نعم  
مطابق: نعم",0
w080,C2_darija_e5,1,"مغارة ""إيفري عمرو موسى"" هي أشهر مغارة في مدينة الحاجب.",0,0,1,"مدعوم: لا  
مطابق: لا",0
w055,C2_darija_e5,1,المواقع التي توجد فيها النقوش الصخرية في إقليم السمارة هي السمارة، أم العلق، كارة، وتيونزوين.,0,0,1,"مدعوم: لا  
مطابق: لا",0
w197,C2_darija_e5,1,سبعة سلاطين من أبناء المولى إسماعيل حكموا خلال الفترة بين 1727 و1757م.,1,1,1,"مدعوم: نعم  
مطابق: نعم",0
w086,C2_darija_e5,1,تم فتحة المنطقة الحرة الأطلسية سنة 2012.,1,1,1,"مدعوم: نعم  
مطابق: نعم",0
w119,C2_darija_e5,1,مساحة القصبة المخزنية بزنيت 6704 م²، وتبلغ عدد أبراجها 5 أبراج.,1,1,1,"مدعوم: نعم  
مطابق: نعم",0
w110,C2_darija_e5,1,محمد بن عثمان المكناسي سافر إلى إسبانيا كسفير للسلطان محمد الثالث لتجديد الصلح بين البلدين و签订 معاهدة جديدة.,1,1,1,"مدعوم: نعم  
مطابق: نعم",0
w134,C2_darija_e5,1,سجلماسة بنيت سنة 140 هـ/757م من قبل عيسى بن يزيد الأسود.,1,1,1,"مدعوم: نعم  
مطابق: نعم",0
w143,C2_darija_e5,1,نشأ الأيلاني بمدينة نفيس، التي كانت آنذاك مركزًا علميًا في نفيس.,0,0,1,"مدعوم: لا  
مطابق: لا",0
w034,C2_darija_e5,1,وصل إنتاج الطاقة الكهرمائية إلى 2700 مليون كيلواط في 2004.,1,1,1,"مدعوم: نعم  
مطابق: نعم",0
w019,C2_darija_e5,1,52%,1,0,1,"مدعوم: نعم  
مطابق: لا",0
w141,C2_darija_e5,1,عزيز أخنوش,1,1,1,"مدعوم: نعم  
مطابق: نعم",0
w124,C2_darija_e5,1,"لقب إلزامي يطلق على مدينة سطات هو ""عاصمة الشاوية"".",1,1,1,"مدعوم: نعم  
مطابق: نعم",0
w176,C2_darija_e5,1,جامعة الأخوين تأسست في إفران عام 1993.,1,1,1,"مدعوم: نعم  
مطابق: نعم",0
w064,C2_darija_e5,1,صناعة الفخار، الدباغة، صياغة الحلي.,1,1,1,"مدعوم: نعم  
مطابق: نعم",0
w084,C2_darija_e5,0,المعلومة غير متوفرة في النصوص,0,0,1,"مدعوم: لا  
مطابق: لا",1
w149,C2_darija_e5,1,سبعة سنوات.,1,1,1,"مدعوم: نعم  
مطابق: نعم",0
w101,C2_darija_e5,1,المعلومة غير متوفرة في النصوص,0,0,1,"مدعوم: لا  
مطابق: لا",1
w156,C2_darija_e5,1,يوجد في المستشفى بمدينة جمعة سحيم طبيب واحد.,1,1,1,"مدعوم: نعم  
مطابق: نعم",0
w073,C2_darija_e5,1,المعلومات غير متوفرة في النصوص,0,0,1,"مدعوم: لا  
مطابق: لا",1
w028,C2_darija_e5,1,الأقطاب التنافسية الثلاثة خلقها مخطط أليوتيس في مدن طنجة وأكادير والعيون.,1,1,1,"مدعوم: نعم  
مطابق: نعم",0
w185,C2_darija_e5,1,شعبة يوبا الثاني كانت عاصمة لحكمه وكانت تسمى شرشال.,0,1,1,"مدعوم: لا  
مطابق: نعم",0
w113,C2_darija_e5,1,المعلومات غير متوفرة في النصوص,0,0,1,"مدعوم: لا  
مطابق: لا",1
w052,C2_darija_e5,1,معركة تازينة وقعت في 19 ماي 1881م.,1,1,1,"مدعوم: نعم  
مطابق: نعم",0
w175,C2_darija_e5,1,وثيقة إنهاء الحماية الفرنسية تم توقيعها في 2 مارس 1956.,1,1,1,"مدعوم: نعم  
مطابق: نعم",0
w005,C2_darija_e5,1,وصلات انبعاثات ثاني أكسيد الكربون لكل فرد في المغرب في 2015 كانت 1.6 طن.,1,1,1,"مدعوم: نعم  
مطابق: نعم",0
w030,C2_darija_e5,1,وصل الإنتاج الداخلي للصيد البحري في Morocco إلى حوالي 1.46 مليون طن في عام 2016.,1,1,1,"مدعوم: نعم  
مطابق: نعم",0
w184,C2_darija_e5,1,ترعرع يوبا الثاني في كنف الإمبراطور أغسطس بعد أن أسره يوليوس قيصر.,0,0,1,"مدعوم: لا  
مطابق: لا",0
w100,C2_darija_e5,1,المقصود بالبلايص هنا هو المقصورات الفاخرة الموجودة في الطائرة بوينغ 767-300 التي ستخدم المسار نيويورك - مراكش.,1,1,1,"مدعوم: نعم  
مطابق: نعم",0
w099,C2_darija_e5,1,باب بوجلود هو المدخل الرئيسي للمدينة القديمة لفاس البالي.,0,0,1,"مدعوم: لا  
مطابق: لا",0
w132,C2_darija_e5,1,مدينة سجلماسة التاريخية كانت في واحة كبيرة جنوب الأطلس الكبير، مقابلة لمدينة الريصاني في تافيلالت الحالية.,1,1,1,"مدعوم: نعم  
مطابق: نعم",0
w125,C2_darija_e5,1,سطات بعيدة عن الدار البيضاء حوالي 83 كم.,1,1,1,"مدعوم: نعم  
مطابق: نعم",0
w199,C2_darija_e5,1,لأن الصويرة تحولت إلى العاصمة الاقتصادية للمغرب قبل أن تنقلب حماية فرنسية على مركزها لتنتقل الدار البيضاء إلى هذا الدور.,0,0,1,"مدعوم: لا  
مطابق: لا",0
w135,C2_darija_e5,1,تم رفع ضريبة القيمة المضافة من 17% إلى 19% في 1983 و1984.,1,0,1,"مدعوم: نعم  
مطابق: لا",0
w179,C2_darija_e5,1,183 وحدة,1,1,1,"مدعوم: نعم  
مطابق: نعم",0
w121,C2_darija_e5,1,أوعبيد الله كانت معروفة في العصر المريني كمركز علمي مهم استضاف علماء وطلاب من مختلف أنحاء المغرب، وعرفت بقصبة المرينيين، وتشجعت فيها الأعمال الزراعية والفلاحية لإطعام طلاب العلم وتشجيعهم، ووقف أهلها بساتينهم وأراضيهم الزراعية على نفقة طلبة العلم.,1,1,1,"مدعوم: نعم  
مطابق: نعم",0
w035,C2_darija_e5,1,7% إلى 10% حسب الحالة المائية للسنة.,1,1,1,"مدعوم: نعم  
مطابق: نعم",0
w049,C2_darija_e5,1,"widening the range of exchange rate fluctuation to ±2.5%, from ±0.3% previously, has been decided.",1,1,1,"مدعوم: نعم  
مطابق: نعم",0
w170,C2_darija_e5,1,1058,0,0,1,"مدعوم: لا  
مطابق: لا",0
w139,C2_darija_e5,1,المعلومة غير متوفرة في النصوص,0,1,1,"مدعوم: لا  
مطابق: نعم",1
w150,C2_darija_e5,1,مدينة أصيلة مشهورة بقصبتها التاريخية وأسوارها وأبوابها المصنفة كتراث وطني، وبحضورها الثقافي والسياسي، وتنوع معالمها التاريخية والأثرية.,0,0,1,"مدعوم: لا  
مطابق: لا",0
w133,C2_darija_e5,1,المدينة الأولى التي تم بناؤها في المغرب الإسلامي قبل سجلماسة هي القيروان، حيث تعتبر ثاني مدينة إسلامية تأسست بالمغرب الإسلامي بعد القيروان.,0,0,1,"مدعوم: لا  
مطابق: لا",0
w128,C2_darija_e5,1,اللون الأبيض دار الموحدين شعارهم.,1,1,1,"مدعوم: نعم  
مطابق: نعم",0
w022,C2_darija_e5,1,إنفاق حرب الصحراء شكل أحد الأسباب المباشرة لتعذر تغطية عجز الميزانية العامة، حيث بلغ العجز 7% سنة 1980، أي ما يكافئ 7% من الناتج الداخلي الخام.,0,0,1,"مدعوم: لا  
مطابق: لا",0
w082,C2_darija_e5,1,الأيام الثلاثة الأولى من المعرض الدولي للفلاحة تخصص للمحترفين، بينما تبقى الأيام الثلاثة الأخيرة مفتوحة لعامة الناس.,0,0,1,"مدعوم: لا  
مطابق: لا",0
w078,C2_darija_e5,1,مدينة الحاجب تقع على ارتفاع 1200 متر فوق سطح البحر.,1,1,1,"مدعوم: نعم  
مطابق: نعم",0
w010,C2_darija_e5,1,نقص عجز الميزانية من الناتج المحلي في 2017 كان 3.5%.,0,0,1,"مدعوم: لا  
مطابق: لا",0
w083,C2_darija_e5,1,"مساحة المعرض الدولي للفلاحة بالمغرب تبلغ 370,000 م².",1,1,1,"مدعوم: نعم  
مطابق: نعم",0
w165,C2_darija_e5,1,المعلومة غير متوفرة في النصوص,0,0,1,"مدعوم: لا  
مطابق: لا",1
w120,C2_darija_e5,1,القصبة المخزنية في تزنيت تنسب إلى القائد الحاحي محمد أغناج الذي قام بحملة على سوس بإيعاز من المولى سليمان عام 1810م.,1,1,1,"مدعوم: نعم  
مطابق: نعم",0
w090,C2_darija_e5,1,الهدف من اللجنة الوطنية لمناخ الأعمال هو وضع المغرب على مسار نمو شامل ومستدام، وذلك وفق أربعة محاور رئيسية هي: تحويل الاقتصاد، تنمية الرأسمال البشري، الإدماج الاجتماعي،和发展 الترابية.,0,0,1,"مدعوم: لا  
مطابق: لا",0
w069,C2_darija_e5,0,ارتفاع الأطلس المتوسط الشرقي يتنقص به معدل درجات الحرارة بحوالي 16.7 درجة مئوية مقارنة بأعلى درجات حرارة تسجلها المدينة في أغسطس.,0,0,1,"مدعوم: لا  
مطابق: لا",0
w054,C2_darija_e5,0,استخدموا الخضروات الطازجة والمانجو والبطاطا والجزر والبصل الأخضر والبصل والفول والبازلاء والشمر والكرفس والخرشوف والباذنجان والطماطم والقرنبيط والفاصوليا الخضراء والبيضاء والفلفل الحلو والحار والكوسا والزيتون والكمأ.,0,0,1,"مدعوم: لا  
مطابق: لا",0
w091,C2_darija_e5,1,المغرب الأقصى كان مستقلاً عن السيادة العثمانية، بينما كانت دول أخرى في المنطقة تحت السيطرة العثمانية.,0,1,1,"مدعوم: لا  
مطابق: نعم",0
w095,C2_darija_e5,1,سوق خميس تمسمان بعيد 2 كم عن وسط المدينة الصغيرة (كرونة).,1,1,1,"مدعوم: نعم  
مطابق: نعم",0
w042,C2_darija_e5,0,فرنسا كانت سابقة المغرب في إنتاج الفوسفاط.,0,0,1,"مدعوم: لا  
مطابق: لا",0
w094,C2_darija_e5,1,حجج تاريخية امتدت سيادة سلاطين المغرب الروحية والزمنية إلى نهر السنغال منذ فترة العلويين من خلال البعثات والسرايا التي ترسل من طرف سلاطين المغرب.,1,1,1,"مدعوم: نعم  
مطابق: نعم",0
w117,C2_darija_e5,1,ألبرت حوراني,1,1,1,"مدعوم: نعم  
مطابق: نعم",0
w200,C2_darija_e5,1,الجنرال فرانكو وصل إلى تطوان في 19 يوليو 1936 عن طريق الجو من جزر الكناري ليتولى قيادة جيش إفريقيا.,0,0,1,"مدعوم: لا  
مطابق: لا",0
w158,C2_darija_e5,1,ازداد عدد السكان الحضريين في المغرب ما بين 1992 و2004 بنسبة 44%، حيث ارتفعت من 13 إلى 17 مليون نسمة.,0,0,1,"مدعوم: لا  
مطابق: لا",0
w026,C2_darija_e5,1,المعلومة غير متوفرة في النصوص,0,0,1,"مدعوم: لا  
مطابق: لا",1
w181,C2_darija_e5,1,القدرة الإنتاجية للصناعة التجميدية في النهار هي حوالي 8300 طن في اليوم الواحد.,1,1,1,"مدعوم: نعم  
مطابق: نعم",0
w148,C2_darija_e5,1,المعلومة غير متوفرة في النصوص,0,0,1,"مدعوم: لا  
مطابق: لا",1
w075,C2_darija_e5,1,الماس زعير تنتشر في منطقة الرماني وزمورة وزعير وقبائل زيان في منطقة مريرت، بينما سلالة الأطلس تنتشر في جميع المناطق الجبلية بالمغرب.,1,0,1,"مدعوم: نعم  
مطابق: لا",0
w059,C2_darija_e5,1,المعلومة غير متوفرة في النصوص,0,0,1,"مدعوم: لا  
مطابق: لا",1
w153,C2_darija_e5,1,صندوق محمد السادس للاستثمار تأسس في عام 2021.,1,1,1,"مدعوم: نعم  
مطابق: نعم",0
w018,C2_darija_e5,1,الإنتاج الوطني من الطاقة يمثل %9 فقط من الاحتياجات الوطنية.,0,0,1,"مدعوم: لا  
مطابق: لا",0
w050,C2_darija_e5,1,الهدف هو خفض الدين العام إلى 60% من إجمالي الناتج المحلي بحلول عام 2021.,1,1,1,"مدعوم: نعم  
مطابق: نعم",0
w093,C2_darija_e5,1,إقليم شنقيط تابع لموريتانيا منذ إستقلالها عن فرنسا سنة 1960.,1,1,1,"مدعوم: نعم  
مطابق: نعم",0
w076,C2_darija_e5,1,تكتشف السلالة تيديلي في سنة 1981.,1,1,1,"مدعوم: نعم  
مطابق: نعم",0
w142,C2_darija_e5,1,عبد الوافي لفتيت كان وزير الداخلية بالمغرب في 2024.,1,1,1,"مدعوم: نعم  
مطابق: نعم",0
w021,C2_darija_e5,1,55.8%,1,1,1,"مدعوم: نعم  
مطابق: نعم",0
w097,C2_darija_e5,1,المعلومات غير متوفرة في النصوص,0,0,1,"مدعوم: لا  
مطابق: لا",1
w032,C2_darija_e5,1,وصل الناتج المحلي للفرد حسب تقديرات صندوق النقد الدولي سنة 2023 إلى 3.750 دولار أمريكي.,1,1,1,"مدعوم: نعم  
مطابق: نعم",0
w138,C2_darija_e5,1,مداخيل الزكاة، الغرامات، تبرعات السكان والقبائل، وفدية الأسرى.,1,1,1,"مدعوم: نعم  
مطابق: نعم",0
w118,C2_darija_e5,1,المعيار الأساسي لمقومات الدولة الحديثة عند الإمبراطورية المغربية حسب حوراني هو وجود المحاكم والوزارات والجيش.,1,1,1,"مدعوم: نعم  
مطابق: نعم",0
w012,C2_darija_e5,1,الأوراق البنكية القديمة ما بقاتش صالحة للتداول منذ فاتح أبريل 1998.,0,0,1,"مدعوم: لا  
مطابق: لا",0
w068,C2_darija_e5,1,مركز الريش يتوفر على تعاونية للحليب التي تنتج فائضا يتم تسويقه بمدينة مكناس.,1,1,1,"مدعوم: نعم  
مطابق: نعم",0
w089,C2_darija_e5,1,اللجنة الوطنية لمناخ الأعمال تمت مأسستها في ديسمبر 2009، ويرأسها رئيس الحكومة.,1,1,1,"مدعوم: نعم  
مطابق: نعم",0
w092,C2_darija_e5,1,مليلت كانت أقدم وأهم مدينة أمازيغية في ذلك الوقت وفقًا للنصوص.,0,0,1,"مدعوم: لا  
مطابق: لا",0
w025,C2_darija_e5,1,قطاع السياحة وقطاع النسيج.,1,1,1,"مدعوم: نعم  
مطابق: نعم",0
w098,C2_darija_e5,1,المدرسة البوعنانية بنيت ما بين عامي 1350م و1355م.,1,1,1,"مدعوم: نعم  
مطابق: نعم",0
w183,C2_darija_e5,1,أشمن الإمبراطور كلوديوس خمد ثورة إيديمون.,0,0,1,"مدعوم: لا  
مطابق: لا",0
w191,C2_darija_e5,1,"الدراسات الاستعمارية القديمة كقسمت المغرب إلى منطقتين: ""بلاد السيبة"" و""بلاد المخزن"".",0,1,1,"مدعوم: لا  
مطابق: نعم",0
w087,C2_darija_e5,1,المنطقة الحرة الأطلسية بعيدة عن الدار البيضاء بحوالي 120 كيلومترًا.,1,1,1,"مدعوم: نعم  
مطابق: نعم",0
w182,C2_darija_e5,1,الوجهة الرئيسية للمنتجات البحرية المجمدة المغربية هي الاتحاد الأوروبي.,1,1,1,"مدعوم: نعم  
مطابق: نعم",0
w040,C2_darija_e5,1,عدد المؤسسات الابتدائية التي استغلت خلال الموسم الدراسي 2009/2008 هو 435 مدرسة.,1,1,1,"مدعوم: نعم  
مطابق: نعم",0
w169,C2_darija_e5,1,حوالي 2000 تاجر عربي استقبل السلطان ففاس في 825.,1,0,1,"مدعوم: نعم  
مطابق: لا",0
w088,C2_darija_e5,1,مساحة المنطقة الحرة الأطلسية تقدر بحوالي 500 هكتار.,1,1,1,"مدعوم: نعم  
مطابق: نعم",0
w186,C2_darija_e5,1,أم بطليموس الموريطاني هي كليوباترا سيليني الثانية.,1,1,1,"مدعوم: نعم  
مطابق: نعم",0
w041,C2_darija_e5,1,75%,1,1,1,"مدعوم: نعم  
مطابق: نعم",0
w002,C2_darija_e5,1,مصنع رينو-نيسان في المغرب مُقرَّره في مصنع ملوسة بالدار البيضاء.,0,0,1,"مدعوم: لا  
مطابق: لا",0
w072,C2_darija_e5,1,1614 إلى 1681,0,0,1,"مدعوم: لا  
مطابق: لا",0
w151,C2_darija_e5,1,الاستغلال الذي فرض على الأمازيغ، مثل السيطرة على أجود الأراضي الفلاحية، وفرض السخرة على السكان، واستعمال القوة في إخضاعهم، كانت الأسباب الرئيسية التي دفعت الأمازيغ إلى مقاومة الرومان.,1,1,1,"مدعوم: نعم  
مطابق: نعم",0
w115,C2_darija_e5,1,البقايا الأثرية في موقع القصر الصغير تتمثل في مسجد، وحمام، ومركز تجاري تعود إلى فترات تاريخية تمتد من القرن 12 الميلادي إلى غاية القرن 14 الميلادي.,1,1,1,"مدعوم: نعم  
مطابق: نعم",0
w057,C2_darija_e5,1,سعيد العلام,1,1,1,"مدعوم: نعم  
مطابق: نعم",0
w108,C2_darija_e5,0,المعلومات غير متوفرة في النصوص,0,0,1,"مدعوم: لا  
مطابق: لا",1
w192,C2_darija_e5,1,شحال 90 كلم بعيدة تزنيت على أكادير، وشحال 690 كلم بعيدة على الرباط.,0,0,1,"مدعوم: لا  
مطابق: لا",0
w167,C2_darija_e5,1,كانو يستوطنون الضواحي التي تضم قلعة جرماط التاريخية وجنوب فاس بسفوح جبال كندر.,0,0,1,"مدعوم: لا  
مطابق: لا",0
w051,C2_darija_e5,1,ثورة الشيخ بوعمامة دامت ثمانية وعشرون سنة.,1,1,1,"مدعوم: نعم  
مطابق: نعم",0
w144,C2_darija_e5,1,ترعرع الأيلاني بمدينة نفيس، التي كانت آنذاك مركزًا علميًا.,1,1,1,"مدعوم: نعم  
مطابق: نعم",0
w198,C2_darija_e5,1,عبد الله تبايع ست مرات.,1,1,1,"مدعوم: نعم  
مطابق: نعم",0
w155,C2_darija_e5,1,أُعلن عن إحداث صندوق محمد السادس للاستثمار في يوليوز 2020، وتم اعتماد مشروع القانون رقم 76-20 في نفس العام.,1,1,1,"مدعوم: نعم  
مطابق: نعم",0
w130,C2_darija_e5,1,موقع تاوريرت بين السلاسل الجبلية المذكورة، المنتصبة من جهتي الشمال والغرب، والتي تقف كحاجز أمام تسرب الكتل الهوائية الرطبة نحو الداخل.,1,1,1,"مدعوم: نعم  
مطابق: نعم",0
w060,C2_darija_e5,1,رحلت السلطات الإسبانية القبائل الصحراوية إلى إقليم واد نون بالمغرب في عام 1969 بناءً على ترحيل سلطات الاستعمار الإسباني لهذه القبائل من إقليم الساقية الحمراء إلى هناك.,1,1,1,"مدعوم: نعم  
مطابق: نعم",0
w056,C2_darija_e5,1,الموقع يذكر أن النقوش الصخرية في إقليم السمارة تعود إلى 4000-ق-م إلى 8000-ق-م.,1,1,1,"مدعوم: نعم  
مطابق: نعم",0
w024,C2_darija_e5,1,صادرات المغرب من النسيج إلى الولايات المتحدة ارتفعت بنسبة %122 سنة 2006.,1,1,1,"مدعوم: نعم  
مطابق: نعم",0
w008,C2_darija_e5,1,المعدل انتقل من 10.5% إلى 21.4% بالوسط القروي.,1,1,1,"مدعوم: نعم  
مطابق: نعم",0
w009,C2_darija_e5,1,المعدل التضخمي وصل إلى نسبة 0.7% حسب التقرير البنكي.,1,1,1,"مدعوم: نعم  
مطابق: نعم",0
w109,C2_darija_e5,1,السفير الثاني كان أحمد بن المهدي الغزال.,1,0,1,"مدعوم: نعم  
مطابق: لا",0
w152,C2_darija_e5,1,أبرز الزعماء الأمازيغية الذين قادوا المقاومة ضد الرومان هي تاكفاريناس وأيديمون ودونات، كما ذكر في النص الأول.,1,1,1,"مدعوم: نعم  
مطابق: نعم",0
w023,C2_darija_e5,1,اتفاقية التجارة الحرة بين المغرب وأمريكا تسجلت يوم 15 يونيو 2004.,0,0,1,"مدعوم: لا  
مطابق: لا",0
w140,C2_darija_e5,1,سياسة حكومة الريف فيما يخص الأراضي الفلاحية كانت تشمل سحب الأراضي الزراعية من من يتهاون في زراعتها للمحافظة على الإنتاج.,1,1,1,"مدعوم: نعم  
مطابق: نعم",0
w174,C2_darija_e5,0,المعلومات غير متوفرة في النصوص,0,0,1,"مدعوم: لا  
مطابق: لا",1
w027,C2_darija_e5,1,"80,4% من إنتاج الكهرباء في المغرب مُعتمد عليه في مجال الوقود الأحفوري، وتحديداً الفحم占据其中的54,8%.",0,0,1,"مدعوم: لا  
مطابق: لا",0
w189,C2_darija_e5,1,"مريم بوعود فازت بجائزة ""قارئ العام للعالم العربي"".",1,1,1,"مدعوم: نعم  
مطابق: نعم",0
w036,C2_darija_e5,0,المغرب يستورد حوالي 40% إلى 60% من حاجياته في الحبوب حسب الحالة المناخية.,1,1,1,"مدعوم: نعم  
مطابق: نعم",0
w058,C2_darija_e5,1,المعلومة غير متوفرة في النصوص,0,0,1,"مدعوم: لا  
مطابق: لا",1
w063,C2_darija_e5,1,الصناعات التقليدية في مركز الريش تشمل الزربية والجلباب.,1,1,1,"مدعوم: نعم  
مطابق: نعم",0
w071,C2_darija_e5,1,1614 إلى 1681,0,0,1,"مدعوم: لا  
مطابق: لا",0
w190,C2_darija_e5,1,تخاف المغاربة من القانون لأنهم يعتقدون أنه يقسم بلدهم إلى عالمين متمايزين، عربي ومغربي، مما يثير الشعور بالانفصال الكلي بينهما. كما يعتبرونه تطبيقًا للآيديولوجيا الاستعمارية السابقة، مما يثير الذكريات السلبية.,1,1,1,"مدعوم: نعم  
مطابق: نعم",0
w007,C2_darija_e5,1,شكيب بنموسى,1,1,1,"مدعوم: نعم  
مطابق: نعم",0
w029,C2_darija_e5,1,总产值 الخام لقطاع الصيد البحري في المغرب ارتفع من 8.3 مليار درهم في 2007 إلى 15 مليار درهم في 2015.,1,1,1,"مدعوم: نعم  
مطابق: نعم",0
w164,C2_darija_e5,1,بعد أحداث الدار البيضاء، عاد السلطان محمد الخامس إلى الدار البيضاء لمواساة أسر الضحايا، ثم توجه إلى طنجة لإلقاء خطابه طلباً للاستقلال.,1,1,1,"مدعوم: نعم  
مطابق: نعم",0
w067,C5_darija_reranked,1,وحدة التبريد تحافظ على التفاح وتصل سعتها إلى 1600 طن لتزويد الفنادق السياحية بميدلت و سيدي حمزة.,1,1,1,"مدعوم: نعم  
مطابق: نعم",0
w188,C5_darija_reranked,1,ساعتين و11 دقيقة و34 ثانية,1,1,1,"مدعوم: نعم  
مطابق: نعم",0
w102,C5_darija_reranked,1,تتفوق الحرارة في فصل الصيف إلى أكثر من 39.6 درجة.,1,1,1,"مدعوم: نعم  
مطابق: نعم",0
w194,C5_darija_reranked,1,حسب الاعتقاد، تزنيت تُنسب لامرأة اسمها للا زنينية ويقرأ اسمها بالأمازيغية باسم تزنيت.,0,1,1,"مدعوم: لا  
مطابق: نعم",0
w112,C5_darija_reranked,1,في الكهوف والمغارات، حيث تقطن بعض قبائل المنطقة حتى الآن.,1,1,1,"مدعوم: نعم  
مطابق: نعم",0
w122,C5_darija_reranked,1,وفور وفرة سمك الشابل والتون في أزمور، والإقبال الأوروبي على شرائه، كان سبباً مباشراً في استعجال احتلالها من طرف البرتغاليين حسب مارمول كربخال.,1,1,1,"مدعوم: نعم  
مطابق: نعم",0
w014,C5_darija_reranked,1,"وصل عدد الساكنة للمغرب في 2024 إلى حوالي 36,8 مليون نسمة.",1,1,1,"مدعوم: نعم  
مطابق: نعم",0
w003,C5_darija_reranked,1,"13,6%",0,0,1,"مدعوم: لا  
مطابق: لا",0
w065,C5_darija_reranked,1,الأمازيغ في الأطلس المتوسط عاشوا في جماعات منعزلة ومغلقة، بمعزل عن القبائل المجاورة، ولم يعرفوا أي شكل من أشكال الاتحاد الكونفدرالي، رغم الغزوات الفينيقية والرومانية والوندالية والعربية.,1,1,1,"مدعوم: نعم  
مطابق: نعم",0
w045,C5_darija_reranked,1,لتشجيع الاستثمارات والصادرات، والمساهمة في تمويل مشروع طرامواي الرباط - سلا.,1,1,1,"مدعوم: نعم  
مطابق: نعم",0
w137,C5_darija_reranked,1,الرسوم كانت مفروضة على المواطنين الذين كانوا يلجون لسبتة ومليلية، وكانت بلغت الرسوم في الناضور 100 درهم للراجلين.,1,0,1,"مدعوم: نعم  
مطابق: لا",0
w171,C5_darija_reranked,1,حي القيروانيين سمي بهذا الاسم استقرا فيه التجار القادمين من القيروان.,1,1,1,"مدعوم: نعم  
مطابق: نعم",0
w129,C5_darija_reranked,0,كان المرابطون يستعملون اللون الكحل في راياتهم باعترافهم الاسمي بشرعية الخلافة العباسية.,1,1,1,"مدعوم: نعم  
مطابق: نعم",0
w077,C5_darija_reranked,1,سلالة مكناس هي المخصصة لإنتاج الحليب بلا منازع.,1,1,1,"مدعوم: نعم  
مطابق: نعم",0
w159,C5_darija_reranked,0,مشكل القطاع الصناعي الأساسي في المغرب هو الفساد والبيروقراطية الإدارية التي عانت منها حقبة الحسن الثاني، والتي أدت إلى تعثر العديد من المشاريع الصناعية وتعزيز البيروقراطية في القطاع.,0,0,1,"مدعوم: لا  
مطابق: لا",0
w168,C5_darija_reranked,1,حصن تاونت (الغزوات حاليا) بناه المطغريون.,1,1,1,"مدعوم: نعم  
مطابق: نعم",0
w046,C5_darija_reranked,1,وصل عدد الجماعات في المغرب إلى 1503 جماعات في عام 2009.,1,1,1,"مدعوم: نعم  
مطابق: نعم",0
w131,C5_darija_reranked,1,الناس في تاوريرت تعتمد في معيشتهم على تربية الماشية والزراعة البورية، مع اعتمادهم البسيط على الزراعة السقوية والمرتبطة ببعض الآبار.,1,1,1,"مدعوم: نعم  
مطابق: نعم",0
w031,C5_darija_reranked,1,قطاع الخدمات يساهم بنسبة 56.5% في الناتج المحلي الإجمالي للبلاد في 2017.,1,1,1,"مدعوم: نعم  
مطابق: نعم",0
w004,C5_darija_reranked,1,"تزايدت نسبة الاعتماد على الطاقة الريحية في المغرب من %2,8 في عام 2010 إلى %8,1 في عام 2015.",1,1,1,"مدعوم: نعم  
مطابق: نعم",0
w160,C5_darija_reranked,1,وصل عدد المنشورات بالعربية في الموسم 2018-2019 إلى 3312 منشورًا.,1,1,1,"مدعوم: نعم  
مطابق: نعم",0
w016,C5_darija_reranked,1,وصل معدل النمو السكاني ما بين 2014 و2024 إلى 0.85%.,1,1,1,"مدعوم: نعم  
مطابق: نعم",0
w043,C5_darija_reranked,1,"وصل عدد سكان جماعة خنيفرة في 2024 إلى 123,738 نسمة.",1,1,1,"مدعوم: نعم  
مطابق: نعم",0
w127,C5_darija_reranked,1,ارتفاع سطات عن سطح البحر حوالي 370 مترا.,1,1,1,"مدعوم: نعم  
مطابق: نعم",0
w187,C5_darija_reranked,1,حكم بطليموس الموريطاني من 33 حتى 40 ميلادية.,0,0,1,"مدعوم: لا  
مطابق: لا",0
w163,C5_darija_reranked,1,5 ديسمبر 1952,1,1,1,"مدعوم: نعم  
مطابق: نعم",0
w048,C5_darija_reranked,1,الزراعة المسقية تسهم في 75% من الصادرات الفلاحية.,1,1,1,"مدعوم: نعم  
مطابق: نعم",0
w111,C5_darija_reranked,1,أش كتعني المنطقة المقعرة بالأمازيغية.,0,0,1,"مدعوم: لا  
مطابق: لا",0
w006,C5_darija_reranked,1,وصل معدل البطالة على الصعيد الوطني في الفصل الثاني من سنة 2025 إلى 12.8%.,1,1,1,"مدعوم: نعم  
مطابق: نعم",0
w195,C5_darija_reranked,1,المهام تتولى الهيئة المغربية لسوق الرساميل حماية المدخرين والمستثمرين، مراقبة سير أسواق الرساميل، ضمان شفافية العمليات المالية، تنظيم المشاركين في السوق والأدوات المالية، تعزيز الثقافة المالية. وتشرف الهيئة على جميع أسواق الرساميل.,1,1,1,"مدعوم: نعم  
مطابق: نعم",0
w038,C5_darija_reranked,1,16289 نسمة,1,1,1,"مدعوم: نعم  
مطابق: نعم",0
w123,C5_darija_reranked,1,1476,1,1,1,"مدعوم: نعم  
مطابق: نعم",0
w013,C5_darija_reranked,1,حتى 31 دجنبر 2011 بقى ممكن تبدل الأوراق البنكية القديمة في بنك المغرب.,1,1,1,"مدعوم: نعم  
مطابق: نعم",0
w037,C5_darija_reranked,0,حوالي 34% من مجموع القوى العاملة في المغرب يشغلون الفلاحة.,0,1,1,"مدعوم: لا  
مطابق: نعم",0
w154,C5_darija_reranked,1,المقر الرئيسي لصندوق محمد السادس للاستثمار يقع في مدينة الرباط.,1,1,1,"مدعوم: نعم  
مطابق: نعم",0
w070,C5_darija_reranked,1,أشمن سمية الإسبان للمهدية سان ميغيل دي أولطرامار.,1,1,1,"مدعوم: نعم  
مطابق: نعم",0
w062,C5_darija_reranked,1,عهد توماس جيفرسون بدأ الحرب.,1,1,1,"مدعوم: نعم  
مطابق: نعم",0
w196,C5_darija_reranked,1,طارق السنهاجي، الذي عينه الملك محمد السادس.,1,1,1,"مدعوم: نعم  
مطابق: نعم",0
w033,C5_darija_reranked,1,المغرب احتل المرتبة 107 في إنتاجية اليد العاملة حسب تقرير منظمة العمل الدولية لسنة 2023.,1,1,1,"مدعوم: نعم  
مطابق: نعم",0
w173,C5_darija_reranked,1,16 نوفمبر 1955,1,1,1,"مدعوم: نعم  
مطابق: نعم",0
w172,C5_darija_reranked,1,2 أكتوبر 1955,1,1,1,"مدعوم: نعم  
مطابق: نعم",0
w061,C5_darija_reranked,1,13 مايو 1801,1,1,1,"مدعوم: نعم  
مطابق: نعم",0
w011,C5_darija_reranked,1,المعلومات غير متوفرة في النصوص,0,0,1,"مدعوم: لا  
مطابق: لا",1
w145,C5_darija_reranked,1,توفي التهامي المزواري الكلاوي يوم الاثنين من سنة 1956م على الساعة الواحدة بعد الظهر، ودفن صباح الثلاثاء بضريح ابن سليمان الجزولي، وعُيّن الفاطمي بن سليمان باشا فاس السابق لتشكيل الحكومة بعد ذلك.,0,0,1,"مدعوم: لا  
مطابق: لا",0
w161,C5_darija_reranked,1,آلة الكمبري صنعت من جِلد الإبل وجِلد الماعز.,0,1,1,"مدعوم: لا  
مطابق: نعم",0
w053,C5_darija_reranked,1,المزّة تتكون عادةً من 6-8 أنواع من السلطات، إلى جانب الخضروات المخللة.,1,1,1,"مدعوم: نعم  
مطابق: نعم",0
w126,C5_darija_reranked,1,الرمز للعاصمة سطات هو الحصان الذي يتواجد في قلب المدينة.,1,1,1,"مدعوم: نعم  
مطابق: نعم",0
w107,C5_darija_reranked,1,البنك المخزني المغربي قام بدور البنك المركزي للدولة المغربية إلى غاية إيقاف عمله سنة 1959 وإنشاء بنك المغرب.,1,1,1,"مدعوم: نعم  
مطابق: نعم",0
w074,C5_darija_reranked,1,المعلومة غير متوفرة في النصوص,0,0,1,"مدعوم: لا  
مطابق: لا",1
w114,C5_darija_reranked,1,القصر الصغير بعيد عن الطريق التي تربط طنجة وتطوان بـ35 كلم.,1,1,1,"مدعوم: نعم  
مطابق: نعم",0
w106,C5_darija_reranked,1,1907 في طنجة شمال المغرب.,1,1,1,"مدعوم: نعم  
مطابق: نعم",0
w096,C5_darija_reranked,1,مرسوم 2.24.1122 في 26 ديسمبر 2024.,1,1,1,"مدعوم: نعم  
مطابق: نعم",0
w104,C5_darija_reranked,1,خلال 1956-1982، اتسم الاقتصاد المغربي بنموذج اقتصادي مختلط، تداخل فيه الاختيار الليبرالي مع الاقتصاد الموجّه، مما أدى إلى إرساء الاستقلالية الاقتصادية وتطبيق توصيات سياسة التقويم الهيكلي، وتطهير المالية العمومية، وتحرير الأسواق، ورفع الدولة ليدها على بعض القطاعات الاقتصادية.,1,1,1,"مدعوم: نعم  
مطابق: نعم",0
w146,C5_darija_reranked,1,1884,0,0,1,"مدعوم: لا  
مطابق: لا",0
w044,C5_darija_reranked,1,24.5%,1,1,1,"مدعوم: نعم  
مطابق: نعم",0
w001,C5_darija_reranked,1,168000 طوموبيل جديدة تباع سنويا في المغرب في 2017.,0,0,1,"مدعوم: لا  
مطابق: لا",0
w162,C5_darija_reranked,1,المنشورات بالأمازيغية كانت 45 منشورًا في الموسم 2018-2019.,1,1,1,"مدعوم: نعم  
مطابق: نعم",0
w193,C5_darija_reranked,1,كيلقبوا تزنيت بعاصمة الفضة لأن المدينة تشتهر بصناعة وإنتاج المجوهرات الفضية.,1,1,1,"مدعوم: نعم  
مطابق: نعم",0
w017,C5_darija_reranked,1,"88,5%",0,0,1,"مدعوم: لا  
مطابق: لا",0
w081,C5_darija_reranked,1,6 أيام,1,1,1,"مدعوم: نعم  
مطابق: نعم",0
w103,C5_darija_reranked,1,أبرز الوديان في عين بني مطهر هي واد الشارف واد تبودة وادي مسخسخة وادي وزين.,1,1,1,"مدعوم: نعم  
مطابق: نعم",0
w039,C5_darija_reranked,1,منذ سنة 1995 لم تعد هناك محطة قطار في عين بني مطهر.,1,1,1,"مدعوم: نعم  
مطابق: نعم",0
w157,C5_darija_reranked,1,المعلومة غير متوفرة في النصوص,0,0,1,"مدعوم: لا  
مطابق: لا",1
w177,C5_darija_reranked,1,الموارد السياحية الرئيسية لجاذبية إفران تشمل المنتزه الوطني لإفران، البحيرات والمصادر، الشلالات، المجالات الغابوية، محطة ميشليفن للتزلج، بالإضافة إلى مجموعة من الموارد الطبيعية والترفيهية الأخرى.,1,1,1,"مدعوم: نعم  
مطابق: نعم",0
w136,C5_darija_reranked,1,ارتفاع أسعار المواد الاستهلاكية الرئيسية في 1983، 67 % بالنسبة للزبدة.,1,1,1,"مدعوم: نعم  
مطابق: نعم",0
w079,C5_darija_reranked,1,مدينة الحاجب تبعد عن مكناس مسافة 32 كلم.,1,1,1,"مدعوم: نعم  
مطابق: نعم",0
w116,C5_darija_reranked,1,في 23 أكتوبر 1458م استولى الجيش البرتغالي بقيادة ألفونس الخامس على القصر الصغير.,1,1,1,"مدعوم: نعم  
مطابق: نعم",0
w020,C5_darija_reranked,1,المواد الأساسية لواردات المغرب تشكلها المواد التجهيزية ومصادر الطاقة.,0,0,1,"مدعوم: لا  
مطابق: لا",0
w015,C5_darija_reranked,1,"تطور معدل التمدن في المغرب من 29% سنة 1960 إلى 62,8% سنة 2024.",1,1,1,"مدعوم: نعم  
مطابق: نعم",0
w178,C5_darija_reranked,1,1994,1,1,1,"مدعوم: نعم  
مطابق: نعم",0
w147,C5_darija_reranked,1,مستشفى القرب بأحفير تدشينه يوم 25 يوليوز 2024.,1,1,1,"مدعوم: نعم  
مطابق: نعم",0
w180,C5_darija_reranked,1,أغلب وحدات صناعة التجميد تت集رون في جنوب المغرب، بسبب تطوير صيد الرخويات والصيد السطحي.,1,1,1,"مدعوم: نعم  
مطابق: نعم",0
w066,C5_darija_reranked,1,المعلومات غير متوفرة في النصوص,0,1,1,"مدعوم: لا  
مطابق: نعم",1
w085,C5_darija_reranked,0,مشكلة العزلة عن الخدمات الاجتماعية في بعض الأحياء البعيدة، مشاكل النظافة، قلة الموارد المائية، ناقلة المياه الجوفية، مشكلة الغياب المتكرر للأساتذة، وقلة المدارس.,0,0,1,"مدعوم: لا  
مطابق: لا",0
w166,C5_darija_reranked,1,حكم أسكيا محمد إمبراطورية الصُّنغاي من 898 هـ حتى وفاته في 916 هـ / 1492 م.,0,1,1,"مدعوم: لا  
مطابق: نعم",0
w047,C5_darija_reranked,1,المساحة المسقية في المغرب بلغت الآن 1050000 هكتار.,1,1,1,"مدعوم: نعم  
مطابق: نعم",0
w105,C5_darija_reranked,1,أولى الأوراش الاقتصادية لأول الحكومات المغربية (حكومات البكاي وعبد الله إبراهيم) كانت إرساء الاستقلالية الاقتصادية، وذلك عبر إصدار العملة الوطنية، وخلق مؤسسات الوصاية والتوجيه الاقتصادي، وإرساء نظام بنكي عصري.,1,1,1,"مدعوم: نعم  
مطابق: نعم",0
w080,C5_darija_reranked,1,مغارة تشبه وجه الأسد هي أشهر مغارة في مدينة الحاجب.,1,1,1,"مدعوم: نعم  
مطابق: نعم",0
w055,C5_darija_reranked,1,المواقع التي توجد فيها النقوش الصخرية في إقليم السمارة هي مواقع أم العلق، كارة، وتيونزوين.,0,0,1,"مدعوم: لا  
مطابق: لا",0
w197,C5_darija_reranked,1,أحمد الذهبي، عبد الملك، علي الأعرج، محمد المستضيء، زين العابدين.,1,0,1,"مدعوم: نعم  
مطابق: لا",0
w086,C5_darija_reranked,1,المعلومة غير متوفرة في النصوص,0,0,1,"مدعوم: لا  
مطابق: لا",1
w119,C5_darija_reranked,1,مساحة القصبة المخزنية في تزنيت هي 16900 م² وتحتوي على 5 أبراج.,0,0,1,"مدعوم: لا  
مطابق: لا",0
w110,C5_darija_reranked,1,محمد بن عثمان المكناسي زار إسبانيا لإبرام معاهدة لتجديد الصلح بين المغرب وإسبانيا وإطلاق سراح الأسرى الجزائريين بإسبانيا.,1,1,1,"مدعوم: نعم  
مطابق: نعم",0
w134,C5_darija_reranked,1,سجلماسة تبنَّت في عام 140 هـ / 757م من قبل عيسى بن يزيد الأسود.,1,1,1,"مدعوم: نعم  
مطابق: نعم",0
w143,C5_darija_reranked,1,المعلومة غير متوفرة في النصوص,0,0,1,"مدعوم: لا  
مطابق: لا",1
w034,C5_darija_reranked,1,وصل إنتاج الطاقة الكهرمائية إلى 2700 مليون كيلواط في 2004.,1,1,1,"مدعوم: نعم  
مطابق: نعم",0
w019,C5_darija_reranked,1,52%,1,0,1,"مدعوم: نعم  
مطابق: لا",0
w141,C5_darija_reranked,1,عزيز أخنوش كان رئيس الحكومة المغربية في 2024م.,1,1,1,"مدعوم: نعم  
مطابق: نعم",0
w124,C5_darija_reranked,1,"لقب إلزامي يطلق على مدينة سطات يُدعى ""عاصمة الشاوية"".",1,1,1,"مدعوم: نعم  
مطابق: نعم",0
w176,C5_darija_reranked,1,جامعة الأخوين هي الجامعة الموجودة في مدينة إفران.,1,1,1,"مدعوم: نعم  
مطابق: نعم",0
w064,C5_darija_reranked,1,صناعة الفخار، الدباغة، صياغة الحلي.,1,1,1,"مدعوم: نعم  
مطابق: نعم",0
w084,C5_darija_reranked,1,قطاع السياحة يعتمد الاقتصاد في مرزوكة بشكل أساسي.,0,1,1,"مدعوم: لا  
مطابق: نعم",0
w149,C5_darija_reranked,1,سبعة سنوات.,1,1,1,"مدعوم: نعم  
مطابق: نعم",0
w101,C5_darija_reranked,1,المعلومة غير متوفرة في النصوص,0,0,1,"مدعوم: لا  
مطابق: لا",1
w156,C5_darija_reranked,1,المعلومة غير متوفرة في النصوص,0,0,1,"مدعوم: لا  
مطابق: لا",1
w073,C5_darija_reranked,1,centers المراقب المدني في جرادة تم إعلانه في يوليو – غشت 1947.,1,1,1,"مدعوم: نعم  
مطابق: نعم",0
w028,C5_darija_reranked,1,الأقطاب التنافسية الثلاثة خلقها مخطط أليوتيس في مدن طنجة وأكادير والعيون.,1,1,1,"مدعوم: نعم  
مطابق: نعم",0
w185,C5_darija_reranked,1,شرشال هي المدينة التي كان يوبا الثاني عاصمة لها خلال حكمه.,1,1,1,"مدعوم: نعم  
مطابق: نعم",0
w113,C5_darija_reranked,1,المعلومات غير متوفرة في النصوص,0,0,1,"مدعوم: لا  
مطابق: لا",1
w052,C5_darija_reranked,1,معركة تازينة وقعت في 19 ماي 1881م.,1,1,1,"مدعوم: نعم  
مطابق: نعم",0
w175,C5_darija_reranked,1,وثيقة إنهاء الحماية الفرنسية تم التوقيع عليها في 2 مارس 1956.,1,1,1,"مدعوم: نعم  
مطابق: نعم",0
w005,C5_darija_reranked,1,"وصلات انبعاثات ثاني أكسيد الكربون لكل فرد بالمغرب في 2015 كانت 1,6 طن.",1,1,1,"مدعوم: نعم  
مطابق: نعم",0
w030,C5_darija_reranked,1,الإنتاج البحري في المغرب بلغ حوالي 1.46 مليون طن في عام 2016.,1,1,1,"مدعوم: نعم  
مطابق: نعم",0
w184,C5_darija_reranked,1,ترعرع يوبا الثاني في كنف الإمبراطور أغسطس في مدارس روما وأثينا.,1,0,1,"مدعوم: نعم  
مطابق: لا",0
w100,C5_darija_reranked,1,المهمة والاختصاصات يهدف المكتب الوطني المغربي للسياحة إلى إنعاش السياحة المغربية. لم يتم ذكر عدد مقاعد الطائرة بوينغ 767-300 في المسار نيويورك - مراكش.,0,0,1,"مدعوم: لا  
مطابق: لا",0
w099,C5_darija_reranked,1,باب القصبة هو المدخل الرئيسي للمدينة القديمة بفاس.,0,0,1,"مدعوم: لا  
مطابق: لا",0
w132,C5_darija_reranked,1,سجلماسة كانت في وسط واحة كبيرة جنوب الأطلس الكبير، مقابلة لمدينة الريصاني في تافيلالت الحالية.,1,1,1,"مدعوم: نعم  
مطابق: نعم",0
w125,C5_darija_reranked,1,34 كم عن الدار البيضاء.,0,0,1,"مدعوم: لا  
مطابق: لا",0
w199,C5_darija_reranked,1,لأن السلطان محمد بن عبد الله أعاد بناء مدينة الصويرة على النمط العصري بشوارعها الواسعة، وأنشأ فيها ميناء جديداً وقاعدة عسكرية بحرية، مما أدى إلى تحويلها إلى العاصمة الاقتصادية للمغرب.,0,0,1,"مدعوم: لا  
مطابق: لا",0
w135,C5_darija_reranked,1,رفع ضريبة القيمة المضافة من 17% إلى 19% في عام 1984.,1,1,1,"مدعوم: نعم  
مطابق: نعم",0
w179,C5_darija_reranked,1,183 وحدة,1,1,1,"مدعوم: نعم  
مطابق: نعم",0
w121,C5_darija_reranked,1,أوعبيد الله كانت معروفة أوعبيد الله خلال العصر المريني، حيث ورد ذكرها في النصوص المتعلقة بتاريخ أوعبيد الله ونشاطها العلمي والثقافي في هذا العصر.,1,1,1,"مدعوم: نعم  
مطابق: نعم",0
w035,C5_darija_reranked,1,7% إلى 10% حسب الحالة المائية للسنة.,1,1,1,"مدعوم: نعم  
مطابق: نعم",0
w049,C5_darija_reranked,1,widening the currency swap fluctuation range to 2.5% from 0.3%.,1,0,1,"مدعوم: نعم  
مطابق: لا",0
w170,C5_darija_reranked,0,المعلومة غير متوفرة في النصوص,0,0,1,"مدعوم: لا  
مطابق: لا",1
w139,C5_darija_reranked,1,20 ألف بيزيتا سنوياً في العام.,1,1,1,"مدعوم: نعم  
مطابق: نعم",0
w150,C5_darija_reranked,1,مدينة أصيلة مشهورة بقصبتها التاريخية وأسوارها وأبوابها المصنفة كتراث وطني، ومهرجانها الثقافي الدولي.,1,1,1,"مدعوم: نعم  
مطابق: نعم",0
w133,C5_darija_reranked,1,أول مدينة إسلامية تأسست بالمغرب الإسلامي قبل سجلماسة هي القيروان.,0,0,1,"مدعوم: لا  
مطابق: لا",0
w128,C5_darija_reranked,1,اللون الذي دارو الموحدين شعارهم عليه البياض.,1,1,1,"مدعوم: نعم  
مطابق: نعم",0
w022,C5_darija_reranked,1,النفقات العسكرية في حرب الصحراء أدت إلى عجز ميزانية المغرب، حيث بلغ العجز 7% سنة 1980، مما كان أحد أسباب هذه الوضعية.,0,0,1,"مدعوم: لا  
مطابق: لا",0
w082,C5_darija_reranked,1,الأيام الثلاثة الأولى من المعرض مخصصة للمحترفين، بينما تبقى الأيام الثلاثة الأخيرة مفتوحة لعامة الناس.,0,0,1,"مدعوم: لا  
مطابق: لا",0
w078,C5_darija_reranked,1,مدينة الحاجب تقع على ارتفاع 1200 متر فوق سطح البحر.,1,1,1,"مدعوم: نعم  
مطابق: نعم",0
w010,C5_darija_reranked,1,نقص عجز الميزانية من الناتج المحلي في 2017 كان 3.5% من إجمالي الناتج المحلي.,1,1,1,"مدعوم: نعم  
مطابق: نعم",0
w083,C5_darija_reranked,1,"مساحة المعرض الدولي للفلاحة بالمغرب 370,000 م².",1,1,1,"مدعوم: نعم  
مطابق: نعم",0
w165,C5_darija_reranked,1,طيح سني أبو بكر إمبراطورية الصُّنغاي خلفاً لوالده سني علي.,0,1,1,"مدعوم: لا  
مطابق: نعم",0
w120,C5_darija_reranked,1,تنسب القصبة المخزنية ديال تزنيت إلى القائد الحاحي محمد أغناج الذي قام بحملة على سوس بإيعاز من المولى سليمان عام 1810م.,1,1,1,"مدعوم: نعم  
مطابق: نعم",0
w090,C5_darija_reranked,1,الهدف من اللجنة الوطنية لمناخ الأعمال هو اقتراح التدابير الرامية إلى تحسين الإطار القانوني والتنظيمي للأعمال، وتنسيق تنفيذها، وتقييم أثرها على القطاعات المعنية.,1,1,1,"مدعوم: نعم  
مطابق: نعم",0
w069,C5_darija_reranked,1,ارتفاع الأطلس المتوسط الشرقي يتنقص به معدل درجات الحرارة بزمن، حيث ترتفع درجات الحرارة في المرتفعات التي تتجاوز 1500 متر، مما يفرض عزلة نسبية على الرعاة في المراعي الجبلية خلال فصل الشتاء.,0,0,1,"مدعوم: لا  
مطابق: لا",0
w054,C5_darija_reranked,0,اشكروا الله على صنع المطبخ اليهودي المغربي، حيث استطاعوا الحفاظ على تقاليد مطبخهم رغم قوانين الطعام اليهودية (الكشروت)، مما أدى إلى تنويع أطباقهم وجعلها ذات قيمة اجتماعية وأسرية كبيرة.,0,0,1,"مدعوم: لا  
مطابق: لا",0
w091,C5_darija_reranked,1,المغرب الأقصى لم يكن أبداً تحت السيادة الفعلية أو الاسمية للأتراك العثمانيين.,1,1,1,"مدعوم: نعم  
مطابق: نعم",0
w095,C5_darija_reranked,1,سوق خميس تمسمان يقع 2 كم بعيداً عن وسط المدينة الصغيرة كرونة.,1,1,1,"مدعوم: نعم  
مطابق: نعم",0
w042,C5_darija_reranked,1,الصين سابقة المغرب في إنتاج الفوسفاط.,1,1,1,"مدعوم: نعم  
مطابق: نعم",0
w094,C5_darija_reranked,1,حسب الحجج التاريخية، سيادة سلاطين المغرب الروحية والزمنية امتدت إلى نهر السنغال منذ فترة العلويين، عبر البعثات والسرايا والزيارات التفقدية إلى شنقيط (موريتانيا حاليًا).,1,1,1,"مدعوم: نعم  
مطابق: نعم",0
w117,C5_darija_reranked,1,ألبرت حوراني,1,1,1,"مدعوم: نعم  
مطابق: نعم",0
w200,C5_darija_reranked,1,"34,000 رجل في المغرب، بما في ذلك القوات الأهلية النظامية.",1,1,1,"مدعوم: نعم  
مطابق: نعم",0
w158,C5_darija_reranked,1,ازداد عدد السكان الحضريين بالمغرب من 13 إلى 17 مليون نسمة ما بين 1992 و2004، مما أدى إلى زيادة نسبة الساكنة الحضرية من 57% في عام 1992 إلى 57% في عام 2004.,0,0,1,"مدعوم: لا  
مطابق: لا",0
w026,C5_darija_reranked,1,في سنة 2025، أمدت إسبانيا المغرب بالكهرباء في حالة انقطاعها الإيبيري.,0,0,1,"مدعوم: لا  
مطابق: لا",0
w181,C5_darija_reranked,1,8300 طن في اليوم,1,1,1,"مدعوم: نعم  
مطابق: نعم",0
w148,C5_darija_reranked,1,وزير الصحة والحماية الاجتماعية خالد آيت الطالب,1,1,1,"مدعوم: نعم  
مطابق: نعم",0
w075,C5_darija_reranked,1,الماس زعير تنتشر في منطقة الرماني وزمورة وزعير وقبائل زيان خاصة في منطقة مريرت.,1,1,1,"مدعوم: نعم  
مطابق: نعم",0
w059,C5_darija_reranked,1,المعلومة غير متوفرة في النصوص,0,0,1,"مدعوم: لا  
مطابق: لا",1
w153,C5_darija_reranked,1,صندوق محمد السادس للاستثمار تأسس في عام 2021.,1,1,1,"مدعوم: نعم  
مطابق: نعم",0
w018,C5_darija_reranked,1,إنتاج الوطني من الطاقة الأولية يمثل 9% من الاحتياجات الوطنية.,0,0,1,"مدعوم: لا  
مطابق: لا",0
w050,C5_darija_reranked,1,الهدف هو خفض الدين العام إلى 60% من إجمالي الناتج المحلي بحلول عام 2021.,1,1,1,"مدعوم: نعم  
مطابق: نعم",0
w093,C5_darija_reranked,1,إقليم شنقيط تابع لموريتانيا منذ إستقلالها عن فرنسا سنة 1960.,1,1,1,"مدعوم: نعم  
مطابق: نعم",0
w076,C5_darija_reranked,1,اكتشفت سلالة تيديلي في سنة 1981.,1,1,1,"مدعوم: نعم  
مطابق: نعم",0
w142,C5_darija_reranked,1,عبد الوافي لفتيت كان وزير الداخلية بالمغرب في 2024.,1,1,1,"مدعوم: نعم  
مطابق: نعم",0
w021,C5_darija_reranked,1,55.8%,1,1,1,"مدعوم: نعم  
مطابق: نعم",0
w097,C5_darija_reranked,1,المعلومات غير متوفرة في النصوص,0,0,1,"مدعوم: لا  
مطابق: لا",1
w032,C5_darija_reranked,1,وصل الناتج المحلي للفرد حسب تقديرات صندوق النقد الدولي سنة 2023 إلى 3.750 دولار أمريكي.,1,1,1,"مدعوم: نعم  
مطابق: نعم",0
w138,C5_darija_reranked,1,المصادر الرئيسية للدخل التي اعتمد عليها جمهورية الريف تشمل الضرائب، الزكاة، الغرامات، تبرعات السكان والقبائل، وفدية الأسرى.,0,0,1,"مدعوم: لا  
مطابق: لا",0
w118,C5_darija_reranked,1,الإمبراطورية المغربية كانت تتوفر على جميع مقومات الدولة الحديثة مثل المحاكم والوزارات والجيش، رغم عُرفتها بفترات من الفوضى وسوء التنظيم.,0,0,1,"مدعوم: لا  
مطابق: لا",0
w012,C5_darija_reranked,1,منذ فاتح أبريل 1998,1,1,1,"مدعوم: نعم  
مطابق: نعم",0
w068,C5_darija_reranked,1,معاونية الحليب ديال الريش تبيع الفائض بمدينة مكناس.,1,1,1,"مدعوم: نعم  
مطابق: نعم",0
w089,C5_darija_reranked,1,层级业务委员会于2009年12月成立，由总理担任主席。,1,1,1,"مدعوم: نعم  
مطابق: نعم",0
w092,C5_darija_reranked,1,مراكش كانت أشمن مدينة مغربية كانت تعتبر أكبر وأهم مدينة أمازيغية في ذلك الوقت.,0,0,1,"مدعوم: لا  
مطابق: لا",0
w025,C5_darija_reranked,1,القطاعات الصناعية تركز المنطقة الحرة الأطلسية على عدة قطاعات، أبرزها صناعة السيارات ومكوناتها، وتشمل أنشطة صناعية أخرى مثل الصناعات الكهرو-ميكانيكية، النسيج، التجهيزات الداخلية للسيارات.,0,0,1,"مدعوم: لا  
مطابق: لا",0
w098,C5_darija_reranked,1,المدرسة البوعنانية بفاس بنيت ما بين عامي 1350م و1355م.,1,1,1,"مدعوم: نعم  
مطابق: نعم",0
w183,C5_darija_reranked,1,المعلومة غير متوفرة في النصوص,0,0,1,"مدعوم: لا  
مطابق: لا",1
w191,C5_darija_reranked,1,"الدراسات الاستعمارية كقسمت المغرب إلى منطقتين: ""بلاد السيبة"" و""بلاد المخزن"".",0,1,1,"مدعوم: لا  
مطابق: نعم",0
w087,C5_darija_reranked,1,المنطقة الحرة الأطلسية بعيدة عن الدار البيضاء بمسافة تقدر بحوالي 120 كيلومترًا.,1,1,1,"مدعوم: نعم  
مطابق: نعم",0
w182,C5_darija_reranked,1,الوجهة الرئيسية للمنتجات البحرية المجمدة المغربية هي الاتحاد الأوروبي.,1,1,1,"مدعوم: نعم  
مطابق: نعم",0
w040,C5_darija_reranked,1,عدد المؤسسات الابتدائية التي استغلت خلال الموسم الدراسي 2009/2008 بالدار البيضاء كان 435 مدرسة.,1,1,1,"مدعوم: نعم  
مطابق: نعم",0
w169,C5_darija_reranked,1,حوالي 2000 تاجر عربي استقبل السلطان في فاس في 825.,1,1,1,"مدعوم: نعم  
مطابق: نعم",0
w088,C5_darija_reranked,1,مساحة المنطقة الحرة الأطلسية تقدر بحوالي 500 هكتار.,1,1,1,"مدعوم: نعم  
مطابق: نعم",0
w186,C5_darija_reranked,1,أم بطليموس الموريطاني هي كليوباترا سيليني الثانية.,1,1,1,"مدعوم: نعم  
مطابق: نعم",0
w041,C5_darija_reranked,1,75%,1,1,1,"مدعوم: نعم  
مطابق: نعم",0
w002,C5_darija_reranked,1,مصنع رينو-نيسان في المغرب م所在 في طنجة.,1,0,1,"مدعوم: نعم  
مطابق: لا",0
w072,C5_darija_reranked,1,1614-1681,1,0,1,"مدعوم: نعم  
مطابق: لا",0
w151,C5_darija_reranked,1,الاستغلال الذي فرض على الأمازيغ، وهم أجود الأراضي الفلاحية، وفرض السخرة على سكانهم، واستعمال القوة في إخضاعهم، كانت الأسباب الرئيسية التي دفعت الأمازيغ إلى مقاومة الرومان.,1,1,1,"مدعوم: نعم  
مطابق: نعم",0
w115,C5_darija_reranked,1,البقايا الأثرية في موقع القصر الصغير تتمثل في مسجد، وحمام، ومركز تجاري تعود إلى فترات تاريخية تمتد من القرن 12 الميلادي إلى غاية القرن 14 الميلادي.,1,1,1,"مدعوم: نعم  
مطابق: نعم",0
w057,C5_darija_reranked,1,سعيد العلام كتب رواية عذراء غرناطة.,1,1,1,"مدعوم: نعم  
مطابق: نعم",0
w108,C5_darija_reranked,1,الارتفاع المضطرد لمديونية المغرب الخارجية لدى القوى الأوروبية كان السبب الرئيسي في تنظيم مؤتمر الجزيرة الخضراء في 1906.,1,1,1,"مدعوم: نعم  
مطابق: نعم",0
w192,C5_darija_reranked,1,تزنيت بعيدة عن الرباط بـ 690 كلم وعندما نضيف 90 كلم إلى المسافة السابقة فإننا نحصل على مسافة 780 كلم من تزنيت لأكادير.,1,0,1,"مدعوم: نعم  
مطابق: لا",0
w167,C5_darija_reranked,1,كانوا يستوطنون التلال والجبال، والواحات والقصور الصحراوية، وسجلماسة وتوات، ونجد أيضاً تاونت (الغزوات حالياً).,1,0,1,"مدعوم: نعم  
مطابق: لا",0
w051,C5_darija_reranked,1,ثورة الشيخ بوعمامة دامت ثمانية وعشرون سنة.,1,1,1,"مدعوم: نعم  
مطابق: نعم",0
w144,C5_darija_reranked,1,ترعرع الأيلاني بمدينة نفيس حسب الراجح.,1,1,1,"مدعوم: نعم  
مطابق: نعم",0
w198,C5_darija_reranked,1,عبد الله تبايع ست مرات.,1,1,1,"مدعوم: نعم  
مطابق: نعم",0
w155,C5_darija_reranked,1,صدر إعلان رسمي عن صندوق محمد السادس للاستثمار في يوليو 2020، حيث أُعلن عن إحداثه في سياق تدابير الإنعاش الاقتصادي المعتمدة في أعقاب جائحة كوفيد-19.,1,1,1,"مدعوم: نعم  
مطابق: نعم",0
w130,C5_darija_reranked,1,هذه الأشكال الطوبوغرافية على مناخ المنطقة، إذ وقفت حاجز أمام تسرب الكتل الهوائية الرطبة نحو الداخل.,1,1,1,"مدعوم: نعم  
مطابق: نعم",0
w060,C5_darija_reranked,1,رحلت السلطات الإسبانية القبائل الصحراوية إلى إقليم واد نون في المغرب في عام 1969.,1,1,1,"مدعوم: نعم  
مطابق: نعم",0
w056,C5_darija_reranked,1,منذ ما ينيف عن 10 آلاف سنة حسب النقوش الصخرية الموجودة في سلسلة باني الأدنى.,0,0,1,"مدعوم: لا  
مطابق: لا",0
w024,C5_darija_reranked,1,صادرات المغرب من النسيج إلى الولايات المتحدة ارتفعت بنسبة 122% في 2006.,1,1,1,"مدعوم: نعم  
مطابق: نعم",0
w008,C5_darija_reranked,1,المعدل انتقل من 10.5% إلى 21.4% بالوسط القروي.,1,1,1,"مدعوم: نعم  
مطابق: نعم",0
w009,C5_darija_reranked,1,المعلومات غير متوفرة في النصوص,0,0,1,"مدعوم: لا  
مطابق: لا",1
w109,C5_darija_reranked,1,السفير الثاني هو أحمد بن المهدي الغزال.,1,0,1,"مدعوم: نعم  
مطابق: لا",0
w152,C5_darija_reranked,1,أبرز الزعماء الذين قادوا المقاومة الأمازيغية ضد الرومان هم تاكفاريناس وأيديمون ودونات.,1,1,1,"مدعوم: نعم  
مطابق: نعم",0
w023,C5_darija_reranked,1,1 يناير 2006,0,0,1,"مدعوم: لا  
مطابق: لا",0
w140,C5_darija_reranked,1,سياسة حكومة الريف فيما يخص الأراضي الفلاحية كانت تشمل سحب الأراضي الزراعية من من يتهاون في زراعتها للمحافظة على الإنتاج، كما حدث مع قبيلة الأخماس التي أجبرت على دفع غرامات سنوية.,1,1,1,"مدعوم: نعم  
مطابق: نعم",0
w174,C5_darija_reranked,0,المعلومات غير متوفرة في النصوص,0,0,1,"مدعوم: لا  
مطابق: لا",1
w027,C5_darija_reranked,1,80%,0,0,1,"مدعوم: لا  
مطابق: لا",0
w189,C5_darija_reranked,1,"مريم بوعود فازت بجائزة ""قارئ العام للعالم العربي"".",1,1,1,"مدعوم: نعم  
مطابق: نعم",0
w036,C5_darija_reranked,0,المغرب يستورد 40% إلى 60% من حاجياته في الحبوب حسب الحالة المناخية.,1,1,1,"مدعوم: نعم  
مطابق: نعم",0
w058,C5_darija_reranked,1,"الفائزة بجائزة كتارا للرواية العربية لعام 2020 هي رواية ""عذراء غرناطة"" للكاتب سعيد العلام.",1,1,1,"مدعوم: نعم  
مطابق: نعم",0
w063,C5_darija_reranked,1,الصناعات التقليدية المشهورة في مركز الريش هي الزربية والجلباب.,1,1,1,"مدعوم: نعم  
مطابق: نعم",0
w071,C5_darija_reranked,1,1500 جندي غيروا اسمها إلى سان ميغيل دي أولطرامار.,1,0,1,"مدعوم: نعم  
مطابق: لا",0
w190,C5_darija_reranked,1,"تخاف المغاربة من القانون لأنهم يعتقدون أنه يقسم البلاد إلى عالمين متمايزين ومنفصلين، أحدهما عربي والآخر أمازيغي، مما يعزز فكرة تقسيم البلاد بين ""العرب"" و""البربر"". هذا القانون يتعارض مع محاولات الوحدة الوطنية للمغرب.",1,1,1,"مدعوم: نعم  
مطابق: نعم",0
w007,C5_darija_reranked,1,شكيب بنموسى,1,1,1,"مدعوم: نعم  
مطابق: نعم",0
w029,C5_darija_reranked,1,总产值 الخام لقطاع الصيد البحري ارتفع من 8.3 مليار درهم في 2007 إلى 15 مليار درهم في 2015.,1,1,1,"مدعوم: نعم  
مطابق: نعم",0
w164,C5_darija_reranked,1,بعد أحداث الدار البيضاء في 7 أبريل 1947، عاد السلطان محمد الخامس إلى الدار البيضاء ليؤيد الضحايا وعائلاتهم، ثم رجع لطنجة ليلقي خطابه طلباً للاستقلال على الموعد المقرر.,1,1,1,"مدعوم: نعم  
مطابق: نعم",0
w067,C4_oracle,1,وحدة التبريد تحافظ على التفاح وتصل سعتها إلى 1600 طن.,1,1,1,"مدعوم: نعم  
مطابق: نعم",0
w188,C4_oracle,1,قطعت يونس بنار ماراثون موسكو في ظرف ساعتين و11 دقيقة و34 ثانية.,1,0,1,"مدعوم: نعم  
مطابق: لا",0
w102,C4_oracle,1,تفوق 39.6 درجة في فصل الصيف في عين بني مطهر.,1,1,1,"مدعوم: نعم  
مطابق: نعم",0
w194,C4_oracle,1,حسب الاعتقاد، ترجع سمية مدينة تزنيت لامرأة اسمها للا زنينية.,0,1,1,"مدعوم: لا  
مطابق: نعم",0
w112,C4_oracle,1,في الكهوف حتى بنى أول ناس خيام ثم منازل.,0,0,1,"مدعوم: لا  
مطابق: لا",0
w122,C4_oracle,1,وفارة سمك الشابل والتون في أزمور، والإقبال الأوروبي على شرائه، كان سبباً مباشراً في استعجال احتلالها من طرف البرتغاليين حسب مارمول كربخال.,1,1,1,"مدعوم: نعم  
مطابق: نعم",0
w014,C4_oracle,1,"وصل عدد الساكنة للمغرب في 2024 حوالي 36,8 مليون نسمة.",1,1,1,"مدعوم: نعم  
مطابق: نعم",0
w003,C4_oracle,1,"النسبة هي %19,6 من إنتاج الكهرباء في المغرب.",1,1,1,"مدعوم: نعم  
مطابق: نعم",0
w065,C4_oracle,1,عاش الأمازيغ في الأطلس المتوسط في جماعات منعزلة ومغلقة، بمعزل عن القبائل المجاورة.,0,1,1,"مدعوم: لا  
مطابق: نعم",0
w045,C4_oracle,1,لتشجيع الاستثمارات والصادرات، والمساهمة في تمويل مشروع طرامواي الرباط - سلا.,1,1,1,"مدعوم: نعم  
مطابق: نعم",0
w137,C4_oracle,1,الرسوم كانت مفروضة على المواطنين الذين كانوا يلجؤون لسبتة ومليلية، وبلغت الرسوم في الناضور 100 درهم للراجلين.,1,0,1,"مدعوم: نعم  
مطابق: لا",0
w171,C4_oracle,1,حي القيروانيين سمي بهذا الاسم.,1,1,1,"مدعوم: نعم  
مطابق: نعم",0
w129,C4_oracle,1,لأن المرابطين استعملوا السواد مراعاة للعباسيين الذين اعترفوا بالسلطة الرمزية لهم.,0,1,1,"مدعوم: لا  
مطابق: نعم",0
w077,C4_oracle,1,سلالة مكناس هي المخصصة لإنتاج الحليب بلا منازع.,1,1,1,"مدعوم: نعم  
مطابق: نعم",0
w159,C4_oracle,1,العقلانية في التدبير ومعالجة التلوث هي المشكل الأساسي للماء في قطاع الصناعة بالمغرب.,0,0,1,"مدعوم: لا  
مطابق: لا",0
w168,C4_oracle,1,حصن المطغريين المعروف باسم تاونت حالياً يُدعى الغزوات.,1,1,1,"مدعوم: نعم  
مطابق: نعم",0
w046,C4_oracle,1,وصل عدد الجماعات في المغرب في 2009 إلى 1503 جماعات.,1,1,1,"مدعوم: نعم  
مطابق: نعم",0
w131,C4_oracle,1,سكان تاوريرت تعتمد على تربية الماشية والزراعة البورية، خاصة الزراعة السقوية المرتبطة بآبار المياه.,1,1,1,"مدعوم: نعم  
مطابق: نعم",0
w031,C4_oracle,1,"قطاع الخدمات كيسَحَم 56,5% من الناتج المحلي الإجمالي للبلاد في 2017.",1,1,1,"مدعوم: نعم  
مطابق: نعم",0
w004,C4_oracle,1,"تزايدت نسبة الاعتماد على الطاقة الريحية من %2,8 في 2010 إلى %8,1 في 2015 في المغرب.",1,1,1,"مدعوم: نعم  
مطابق: نعم",0
w160,C4_oracle,1,3312 منشورًا بالعربية، حسب إحصائيات الموسم 2018–2019.,1,1,1,"مدعوم: نعم  
مطابق: نعم",0
w016,C4_oracle,1,المعدل النسبي للنمو السكاني ما بين 2014 و2024 كان 0.85%.,0,1,1,"مدعوم: لا  
مطابق: نعم",0
w043,C4_oracle,1,"123,738 نسمة",1,1,1,"مدعوم: نعم  
مطابق: نعم",0
w127,C4_oracle,1,ارتفاع سطات عن سطح البحر حوالي 370 مترا.,1,1,1,"مدعوم: نعم  
مطابق: نعم",0
w187,C4_oracle,1,حكم بطليموس الموريطاني من 23 حتى وفاته في 40 ق.م.,1,1,1,"مدعوم: نعم  
مطابق: نعم",0
w163,C4_oracle,1,7 ديسمبر 1952,0,0,1,"مدعوم: لا  
مطابق: لا",0
w048,C4_oracle,1,الزراعة المسقية تسهم في 75% من الصادرات الفلاحية.,1,1,1,"مدعوم: نعم  
مطابق: نعم",0
w111,C4_oracle,1,أصفراو تعني المنطقة المقعرة بالأمازيغية.,1,1,1,"مدعوم: نعم  
مطابق: نعم",0
w006,C4_oracle,1,معدل البطالة على الصعيد الوطني في الفصل الثاني من سنة 2025 وصل إلى 12.8%.,1,1,1,"مدعوم: نعم  
مطابق: نعم",0
w195,C4_oracle,1,الهيئة المغربية لسوق الرساميل تتولى حماية المدخرين والمستثمرين، مراقبة سير أسواق الرساميل، ضمان شفافية العمليات المالية، تنظيم المشاركين في السوق والأدوات المالية، وتعزيز الثقافة المالية.,1,1,1,"مدعوم: نعم  
مطابق: نعم",0
w038,C4_oracle,1,في عام 2014 وصل عدد سكان عين بني مطهر إلى 16289 نسمة.,1,1,1,"مدعوم: نعم  
مطابق: نعم",0
w123,C4_oracle,1,1476,1,1,1,"مدعوم: نعم  
مطابق: نعم",0
w013,C4_oracle,1,حتى 31 دجنبر 2011 بقى ممكن تبدل الأوراق البنكية القديمة في بنك المغرب.,1,1,1,"مدعوم: نعم  
مطابق: نعم",0
w037,C4_oracle,1,حوالي نصف عدد السكان يشغلون الفلاحة بالمغرب.,0,1,1,"مدعوم: لا  
مطابق: نعم",0
w154,C4_oracle,1,مقر الصندوق الرئيسي يقع في مدينة الرباط.,1,1,1,"مدعوم: نعم  
مطابق: نعم",0
w070,C4_oracle,1,سان ميغيل دي أولطرامار,1,1,1,"مدعوم: نعم  
مطابق: نعم",0
w062,C4_oracle,1,عهد توماس جيفرسون بدأ الحرب.,0,0,1,"مدعوم: لا  
مطابق: لا",0
w196,C4_oracle,1,الملك يعين رئيس الهيئة المغربية لسوق الرساميل.,1,1,1,"مدعوم: نعم  
مطابق: نعم",0
w033,C4_oracle,1,المغرب يحتل المرتبة 107 في إنتاجية اليد العاملة حسب تقرير منظمة العمل الدولية لسنة 2023.,1,1,1,"مدعوم: نعم  
مطابق: نعم",0
w173,C4_oracle,1,16 نوفمبر 1955,1,1,1,"مدعوم: نعم  
مطابق: نعم",0
w172,C4_oracle,1,أكتوبر 1955: تأسيس جيش التحرير المغربي إعلامياً.,1,1,1,"مدعوم: نعم  
مطابق: نعم",0
w061,C4_oracle,1,13 مايو 1801,1,1,1,"مدعوم: نعم  
مطابق: نعم",0
w011,C4_oracle,1,المعلومة غير متوفرة في النصوص,0,0,1,"مدعوم: لا  
مطابق: لا",1
w145,C4_oracle,1,المعلومة غير متوفرة في النصوص,0,0,1,"مدعوم: لا  
مطابق: لا",1
w161,C4_oracle,1,جِلد الإبل وجِلد الماعز.,0,1,1,"مدعوم: لا  
مطابق: نعم",0
w053,C4_oracle,1,المعلومات غير متوفرة في النصوص,0,0,1,"مدعوم: لا  
مطابق: لا",1
w126,C4_oracle,1,رمز مدينة سطات هو الحصان الذي يتواجد في قلب المدينة.,1,1,1,"مدعوم: نعم  
مطابق: نعم",0
w107,C4_oracle,1,1955 حتى 1959,1,1,1,"مدعوم: نعم  
مطابق: نعم",0
w074,C4_oracle,1,كانت الجماعة مكونة من منتخبين مختارين من قبل رؤساء العائلات حسب الانتماء الإثني لكل مجموعة قبيلة.,1,1,1,"مدعوم: نعم  
مطابق: نعم",0
w114,C4_oracle,1,القصر الصغير بعيد 35 كم على الطريق التي تربط طنجة وتطوان.,1,1,1,"مدعوم: نعم  
مطابق: نعم",0
w106,C4_oracle,1,تم تأسيس البنك المخزني المغربي في طنجة سنة 1907.,1,1,1,"مدعوم: نعم  
مطابق: نعم",0
w096,C4_oracle,1,مرسوم 2.24.1122 في 26 ديسمبر 2024,1,1,1,"مدعوم: نعم  
مطابق: نعم",0
w104,C4_oracle,1,النموذج الاقتصادي المغربي بين 1956 و1982 كان نموذجًا اقتصاديًا مختلطًا، تداخل فيه النزعة اللبرالية مع التوجيه الاقتصادي (سياسة المخططات الخماسية)، إضافة إلى سياسة تجارية حمائية، وتدخل وازن للسلطات الحكومية في السياسات الاقتصادية والاجتماعية.,1,1,1,"مدعوم: نعم  
مطابق: نعم",0
w146,C4_oracle,1,المعركة الأولى لقادة الكلاوي كانت في عمر 15 سنة.,1,1,1,"مدعوم: نعم  
مطابق: نعم",0
w044,C4_oracle,1,24.5%,1,1,1,"مدعوم: نعم  
مطابق: نعم",0
w001,C4_oracle,1,168000 طوموبيل جديدة تباع سنوياً في المغرب في 2017.,0,0,1,"مدعوم: لا  
مطابق: لا",0
w162,C4_oracle,1,45 منشورًا,1,1,1,"مدعوم: نعم  
مطابق: نعم",0
w193,C4_oracle,1,لشهرة المدينة في إنتاج المجوهرات الفضية.,1,1,1,"مدعوم: نعم  
مطابق: نعم",0
w017,C4_oracle,1,"نسبة الطاقات الأحفورية من استهلاك الطاقة الأولية في 2015 كانت %88,8.",1,1,1,"مدعوم: نعم  
مطابق: نعم",0
w081,C4_oracle,1,ثلاثة أيام مخصصة للمحترفين وأيام ثلاثة أخرى مفتوحة لعامة الناس.,0,0,1,"مدعوم: لا  
مطابق: لا",0
w103,C4_oracle,1,أبرز الوديان في عين بني مطهر هي واد الشارف واد تبودة وادي مسخسخة وادي وزين.,1,1,1,"مدعوم: نعم  
مطابق: نعم",0
w039,C4_oracle,1,منذ سنة 1995 سدت محطة القطار في عين بني مطهر.,0,0,1,"مدعوم: لا  
مطابق: لا",0
w157,C4_oracle,1,المستشفى والمستوصف والدار للولادة هي المرافق الصحية التي تتوفر في مدينة جمعة سحيم.,1,1,1,"مدعوم: نعم  
مطابق: نعم",0
w177,C4_oracle,1,الموارد الطبيعية والترفيهية تعتمد عليها الجاذبية السياحية لمدينة إفران.,1,1,1,"مدعوم: نعم  
مطابق: نعم",0
w136,C4_oracle,1,زاد ثمن الزبدة في 1983 بنسبة 67%.,0,1,1,"مدعوم: لا  
مطابق: نعم",0
w079,C4_oracle,1,مدينة الحاجب بعيدة عن مكناس بمسافة 32 كم.,1,0,1,"مدعوم: نعم  
مطابق: لا",0
w116,C4_oracle,1,في 23 أكتوبر 1458م، استولى الجيش البرتغالي بقيادة ألفونس الخامس على القصر الصغير.,1,1,1,"مدعوم: نعم  
مطابق: نعم",0
w020,C4_oracle,1,المواد الأساسية لواردات المغرب تشكلها مواد الطاقة ومواد التجهيز والمواد الاستهلاكية.,1,1,1,"مدعوم: نعم  
مطابق: نعم",0
w015,C4_oracle,1,"رتفع معدل التمدن في المغرب من 29% سنة 1960 إلى 62,8% سنة 2024.",1,1,1,"مدعوم: نعم  
مطابق: نعم",0
w178,C4_oracle,1,تم تأسيس مركز المغرب العربي للدراسات الاستراتيجية في عام 1994.,1,1,1,"مدعوم: نعم  
مطابق: نعم",0
w147,C4_oracle,1,مستشفى القرب بأحفير تأسس وتُدشّن يوم 25 يوليوز 2024.,1,1,1,"مدعوم: نعم  
مطابق: نعم",0
w180,C4_oracle,1,في جنوب المغرب علاش تطوير صيد الرخويات والصيد السطحي.,1,1,1,"مدعوم: نعم  
مطابق: نعم",0
w066,C4_oracle,1,لم تعرف القبائل الأمازيغية أي شكل من أشكال الاتحاد الكونفدرالي.,0,1,1,"مدعوم: لا  
مطابق: نعم",0
w085,C4_oracle,1,المدينة تعاني من نقص في الخدمات اللوجيستيكية وقنوات الصرف الصحي وانتشار الروائح الكريهة وضعف في قطاع الصحة.,0,0,1,"مدعوم: لا  
مطابق: لا",0
w166,C4_oracle,1,أسكيا حكم الفتره (1493-1528).,0,1,1,"مدعوم: لا  
مطابق: نعم",0
w047,C4_oracle,1,وصلت المساحة المسقية دابا في المغرب إلى 1050000 هكتار.,1,1,1,"مدعوم: نعم  
مطابق: نعم",0
w105,C4_oracle,1,أول الأوراش الاقتصادية لأول الحكومات المغربية (حكومات البكاي وعبد الله إبراهيم) كانت تخص إرساء الاستقلالية الاقتصادية عبر إصدار العملة الوطنية، وخلق مؤسسات الوصاية والتوجيه الاقتصادي، وإرساء نظام بنكي عصري.,1,1,1,"مدعوم: نعم  
مطابق: نعم",0
w080,C4_oracle,1,المغارة التي تشبه وجه الأسد هي أشهر مغارة في مدينة الحاجب.,1,1,1,"مدعوم: نعم  
مطابق: نعم",0
w055,C4_oracle,1,أكثر من أربعة وثلاثون موقعًا.,0,0,1,"مدعوم: لا  
مطابق: لا",0
w197,C4_oracle,1,سبعة سلاطين من أبناء المولى إسماعيل حكموا خلال تلك الفترة.,1,1,1,"مدعوم: نعم  
مطابق: نعم",0
w086,C4_oracle,1,تم فتح المنطقة الحرة الأطلسية سنة 2012.,1,1,1,"مدعوم: نعم  
مطابق: نعم",0
w119,C4_oracle,1,مساحة القصبة المخزنية بتسزنيت 6704 م² وعدد أبراجها 5.,1,1,1,"مدعوم: نعم  
مطابق: نعم",0
w110,C4_oracle,1,لم ي签订 معاهدة لتجديد الصلح بين الدولتين، وإطلاق صراح الأسرى الجزائريين بإسبانيا، فحسب ما ورد في النص.,0,0,1,"مدعوم: لا  
مطابق: لا",0
w134,C4_oracle,1,سجلماسة بنيت سنة 140 هـ/757م من قبل عيسى بن يزيد الأسود.,1,1,1,"مدعوم: نعم  
مطابق: نعم",0
w143,C4_oracle,1,المعلومة غير متوفرة في النصوص,0,0,1,"مدعوم: لا  
مطابق: لا",1
w034,C4_oracle,1,إنتاج الطاقة الكهرمائية وصل إلى 2700 مليون كيلو瓦特 في 2004.,1,1,1,"مدعوم: نعم  
مطابق: نعم",0
w019,C4_oracle,1,15%,1,1,1,"مدعوم: نعم  
مطابق: نعم",0
w141,C4_oracle,1,عزيز أخنوش كان رئيس الحكومة المغربية في 2024م.,1,1,1,"مدعوم: نعم  
مطابق: نعم",0
w124,C4_oracle,1,عاصمة الشاوية,1,1,1,"مدعوم: نعم  
مطابق: نعم",0
w176,C4_oracle,1,جامعة الأخوين هي الجامعة التي تقع في مدينة إفران.,0,1,1,"مدعوم: لا  
مطابق: نعم",0
w064,C4_oracle,1,صناعة الفخار والدباغة وضياغة الحلي.,0,1,1,"مدعوم: لا  
مطابق: نعم",0
w084,C4_oracle,1,الاقتصاد في مرزوكة يعتمد بشكل أساسي على قطاع السياحة.,1,1,1,"مدعوم: نعم  
مطابق: نعم",0
w149,C4_oracle,1,سبعة سنوات.,1,1,1,"مدعوم: نعم  
مطابق: نعم",0
w101,C4_oracle,1,المعلومة غير متوفرة في النصوص,0,0,1,"مدعوم: لا  
مطابق: لا",1
w156,C4_oracle,1,يوجد طبيب واحد في المستشفى.,1,1,1,"مدعوم: نعم  
مطابق: نعم",0
w073,C4_oracle,1,لم يتم ذكر تاريخ إنشاء مركز المراقب المدني في فجرادة في النصوص المقدمة.,0,0,1,"مدعوم: لا  
مطابق: لا",0
w028,C4_oracle,1,الأقطاب التنافسية الثلاثة خلقها مخطط أليوتيس في مدن طنجة وأكادير والعيون.,1,1,1,"مدعوم: نعم  
مطابق: نعم",0
w185,C4_oracle,1,شرشال هي المدينة التي دارها يوبا الثاني عاصمة للحكم.,0,1,1,"مدعوم: لا  
مطابق: نعم",0
w113,C4_oracle,1,نعم، سكان بعض سكان بلدة البهاليل المجاورة لل城区仍然居住在洞穴中。,0,0,1,"مدعوم: لا  
مطابق: لا",0
w052,C4_oracle,1,معركة تازينة وقعت في 19 ماي 1881م.,1,1,1,"مدعوم: نعم  
مطابق: نعم",0
w175,C4_oracle,1,2 مارس 1956,1,1,1,"مدعوم: نعم  
مطابق: نعم",0
w005,C4_oracle,1,"وصلات ثاني أكسيد الكربون لكل فرد بالمغرب في 2015 كانت 1,6 طن.",1,1,1,"مدعوم: نعم  
مطابق: نعم",0
w030,C4_oracle,1,الإنتاج الداخلي للصيد البحري بلغ حوالي 1.46 مليون طن في 2016.,0,0,1,"مدعوم: لا  
مطابق: لا",0
w184,C4_oracle,1,ترعرع يوبا الثاني في كنف الإمبراطور أغسطس في روما.,1,1,1,"مدعوم: نعم  
مطابق: نعم",0
w100,C4_oracle,1,المقصورات الفاخرة ديال الطائرة بوينغ 767-300 ديال المسار نيويورك - مراكش.,0,0,1,"مدعوم: لا  
مطابق: لا",0
w099,C4_oracle,1,باب بوجلود هو المدخل الرئيسي للبالي في فاس.,0,0,1,"مدعوم: لا  
مطابق: لا",0
w132,C4_oracle,1,كانت مدينة سجلماسة التاريخية تقع وسط واحة كبيرة جنوب الأطلس الكبير.,1,1,1,"مدعوم: نعم  
مطابق: نعم",0
w125,C4_oracle,1,حوالي 83 كم بعيدة سطات عن الدار البيضاء.,0,1,1,"مدعوم: لا  
مطابق: نعم",0
w199,C4_oracle,1,لأن محمد الثالث أنشأ فيها ميناء جديدا وقاعدة عسكرية بحرية وأستقدم إليها نخبة من التجار والدبلوماسيين اليهود، مما أدى إلى تحويلها إلى العاصمة الاقتصادية للمغرب.,1,1,1,"مدعوم: نعم  
مطابق: نعم",0
w135,C4_oracle,1,في 1984 رفعوا الضريبة على القيمة المضافة من 17% إلى 19%.,1,1,1,"مدعوم: نعم  
مطابق: نعم",0
w179,C4_oracle,1,183 وحدة كاينة فصناعة التجميد ديال الصيد البحري.,1,1,1,"مدعوم: نعم  
مطابق: نعم",0
w121,C4_oracle,1,أوعبيد الله كانت معروفة بقصبة المرينيين في العصر المريني.,1,1,1,"مدعوم: نعم  
مطابق: نعم",0
w035,C4_oracle,1,between 7% و10% حسب الحالة المائية للسنة,1,1,1,"مدعوم: نعم  
مطابق: نعم",0
w049,C4_oracle,1,widening range of exchange rate fluctuation to 2.5% from 0.3%.,1,1,1,"مدعوم: نعم  
مطابق: نعم",0
w170,C4_oracle,1,في عام 985 تمت إقصاء الأدارسة النهائيين من المغرب.,0,0,1,"مدعوم: لا  
مطابق: لا",0
w139,C4_oracle,1,20 ألف بيزيتا سنوياً,1,1,1,"مدعوم: نعم  
مطابق: نعم",0
w150,C4_oracle,1,مهرجانها الثقافي الدولي المشهور.,0,0,1,"مدعوم: لا  
مطابق: لا",0
w133,C4_oracle,1,القيروان هي أول مدينة إسلامية تبنى بالمغرب الإسلامي قبل سجلماسة.,0,0,1,"مدعوم: لا  
مطابق: لا",0
w128,C4_oracle,1,البياض,0,0,1,"مدعوم: لا  
مطابق: لا",0
w022,C4_oracle,1,في سنة اندلاع الاحتجاجات، كان النمو الاقتصادي منعدماً بنسبة 0.6% فقط.,0,0,1,"مدعوم: لا  
مطابق: لا",0
w082,C4_oracle,1,الأيام الثلاثة الأولى مخصصة للمحترفين، والأيام الثلاثة الأخرى مفتوحة لعامة الناس.,0,0,1,"مدعوم: لا  
مطابق: لا",0
w078,C4_oracle,1,ارتفاع مدينة الحاجب 1200 متر فوق سطح البحر.,1,1,1,"مدعوم: نعم  
مطابق: نعم",0
w010,C4_oracle,1,نقص عجز الميزانية من الناتج المحلي في 2017 كان 3.5%,0,0,1,"مدعوم: لا  
مطابق: لا",0
w083,C4_oracle,1,"مساحة المعرض الدولي للزراعة بالمغرب 370,000 م2.",1,1,1,"مدعوم: نعم  
مطابق: نعم",0
w165,C4_oracle,1,محمد توري طيح سني أبو بكر من الإمبراطورية الصُّنغاي.,0,0,1,"مدعوم: لا  
مطابق: لا",0
w120,C4_oracle,1,تنسب القصبة المخزنية بتزنيت إلى القائد الحاحي محمد أغناج الذي قام بحملة على سوس عام 1810م بإيعاز من المولى سليمان.,1,1,1,"مدعوم: نعم  
مطابق: نعم",0
w090,C4_oracle,1,الهدف من اللجنة الوطنية لمناخ الأعمال هو اقتراح التدابير الرامية إلى تحسين الإطار القانوني والتنظيمي للأعمال، وتنسيق تنفيذها، وتقييم أثرها على القطاعات المعنية.,0,1,1,"مدعوم: لا  
مطابق: نعم",0
w069,C4_oracle,1,1500 متر,0,1,1,"مدعوم: لا  
مطابق: نعم",0
w054,C4_oracle,1,المعلومات غير متوفرة في النصوص,0,0,1,"مدعوم: لا  
مطابق: لا",1
w091,C4_oracle,1,المغرب لم يكن أبداً تحت السيادة الفعلية أو الاسمية للأتراك العثمانيين.,1,1,1,"مدعوم: نعم  
مطابق: نعم",0
w095,C4_oracle,1,سوق خميس تمسمان 2 كم بعيد عن وسط مدينة عرنا.,0,0,1,"مدعوم: لا  
مطابق: لا",0
w042,C4_oracle,1,الصين سابقة المغرب في إنتاج الفوسفات.,0,1,1,"مدعوم: لا  
مطابق: نعم",0
w094,C4_oracle,1,لأشمن واد وصلات السيادة ديال سلاطين المغرب منذ فترة العلويين وحتى نهر السنغال.,0,0,1,"مدعوم: لا  
مطابق: لا",0
w117,C4_oracle,1,ألبرت حوراني,1,0,1,"مدعوم: نعم  
مطابق: لا",0
w200,C4_oracle,1,"34,000 رجل",1,1,1,"مدعوم: نعم  
مطابق: نعم",0
w158,C4_oracle,1,زيادة الساكنة الحضرية بالمغرب ما بين 1992 و2004 بلغت 17 مليون نسمة.,0,0,1,"مدعوم: لا  
مطابق: لا",0
w026,C4_oracle,1,المعلومة غير متوفرة في النصوص,0,0,1,"مدعوم: لا  
مطابق: لا",1
w181,C4_oracle,1,القدرة الإنتاجية للنهار في صناعة التجميد تصل إلى حوالي 8300 طن.,1,1,1,"مدعوم: نعم  
مطابق: نعم",0
w148,C4_oracle,1,وزير الصحة والحماية الاجتماعية خالد آيت الطالب,1,1,1,"مدعوم: نعم  
مطابق: نعم",0
w075,C4_oracle,1,تنتشر سلالة الماس زعير في مناطق الرماني وزمور وزعير وقبائل زيان خاصة في منطقة مريرت.,1,1,1,"مدعوم: نعم  
مطابق: نعم",0
w059,C4_oracle,1,المعلومة غير متوفرة في النصوص,0,0,1,"مدعوم: لا  
مطابق: لا",1
w153,C4_oracle,1,في عام 2021 تأسس صندوق محمد السادس للاستثمار (FM6I).,1,1,1,"مدعوم: نعم  
مطابق: نعم",0
w018,C4_oracle,1,"الإنتاج الوطني من الطاقة الأولية يمثل %9,4 من الاحتياجات الوطنية.",0,0,1,"مدعوم: لا  
مطابق: لا",0
w050,C4_oracle,1,الهدف هو خفض الدين العام إلى 60% من إجمالي الناتج المحلي بحلول عام 2021.,1,1,1,"مدعوم: نعم  
مطابق: نعم",0
w093,C4_oracle,1,منذ إستقلال موريتانيا عن فرنسا سنة 1960.,1,1,1,"مدعوم: نعم  
مطابق: نعم",0
w076,C4_oracle,1,تم اكتشاف سلالة تيديلي في سنة 1981.,1,1,1,"مدعوم: نعم  
مطابق: نعم",0
w142,C4_oracle,1,عبد الوافي لفتيت كان وزير الداخلية للمغرب في 2024.,1,1,1,"مدعوم: نعم  
مطابق: نعم",0
w021,C4_oracle,1,55.8%,1,1,1,"مدعوم: نعم  
مطابق: نعم",0
w097,C4_oracle,1,اتفاق أبريل 2011 نص على توحيد حد الأدنى للأجور بين القطاعات الفلاحية وغير الفلاحية خلال ثلاث سنوات.,1,1,1,"مدعوم: نعم  
مطابق: نعم",0
w032,C4_oracle,1,3.750 دولار أمريكي,1,1,1,"مدعوم: نعم  
مطابق: نعم",0
w138,C4_oracle,1,مداخيل الزكاة، الغرامات، وتبرعات السكان والقبائل المختلفة.,0,1,1,"مدعوم: لا  
مطابق: نعم",0
w118,C4_oracle,1,المحاكَمات والوزارات والجيش كانت مقومات الدولة الحديثة التي كانت عند الإمبراطورية المغربية حسب حوراني.,0,0,1,"مدعوم: لا  
مطابق: لا",0
w012,C4_oracle,1,منذ فاتح أبريل 1998,1,1,1,"مدعوم: نعم  
مطابق: نعم",0
w068,C4_oracle,1,مركز الريش يتوفر على تعاونية للحليب التي تنتج فائضا يتم تسويقه بمدينة مكناس.,1,1,1,"مدعوم: نعم  
مطابق: نعم",0
w089,C4_oracle,1,تمارس اللجنة الوطنية لمناخ الأعمال دورها منذ سنة 2009، ويرأسها رئيس الحكومة.,1,1,1,"مدعوم: نعم  
مطابق: نعم",0
w092,C4_oracle,1,مدينة مراكش كانت تعتبر أكبر وأهم مدينة أمازيغية في ذلك الوقت.,1,1,1,"مدعوم: نعم  
مطابق: نعم",0
w025,C4_oracle,1,قطاع السياحة والنسيج,1,1,1,"مدعوم: نعم  
مطابق: نعم",0
w098,C4_oracle,1,المدرسة البوعنانية بفاس بنيت بين عامي 1350م و1355م.,1,1,1,"مدعوم: نعم  
مطابق: نعم",0
w183,C4_oracle,1,المعلومة غير متوفرة في النصوص,0,0,1,"مدعوم: لا  
مطابق: لا",1
w191,C4_oracle,1,لأشمن منطقتين كانو الدراسات الاستعمارية تقسمو المغرب: بلاد السيبة وبلاد المخزن.,0,0,1,"مدعوم: لا  
مطابق: لا",0
w087,C4_oracle,1,الموقع يقع المنطقة الحرة الأطلسية على بُعد حوالي 120 كيلومترًا من مدينة الدار البيضاء.,1,1,1,"مدعوم: نعم  
مطابق: نعم",0
w182,C4_oracle,1,الوجهة الرئيسية هي الاتحاد الأوروبي.,1,1,1,"مدعوم: نعم  
مطابق: نعم",0
w040,C4_oracle,1,435 مدرسة كانت في الدار البيضاء خلال الدخول المدرسي 2009/2008.,0,0,1,"مدعوم: لا  
مطابق: لا",0
w169,C4_oracle,1,حوالي 2000 تاجر عربي استقبلهم السلطان في فاس.,1,1,1,"مدعوم: نعم  
مطابق: نعم",0
w088,C4_oracle,1,مساحة المنطقة الحرة الأطلسية تقدر بحوالي 500 هكتار.,1,1,1,"مدعوم: نعم  
مطابق: نعم",0
w186,C4_oracle,1,كليوباترا سيليني الثانية,1,1,1,"مدعوم: نعم  
مطابق: نعم",0
w041,C4_oracle,1,المغرب تحتوي على 75% من الاحتياطي العالمي لل fosfat.,1,1,1,"مدعوم: نعم  
مطابق: نعم",0
w002,C4_oracle,1,مصنع رينو-نيسان في طنجة.,1,1,1,"مدعوم: نعم  
مطابق: نعم",0
w072,C4_oracle,1,1614 و1681,1,1,1,"مدعوم: نعم  
مطابق: نعم",0
w151,C4_oracle,1,الاستغلال الذي فرض عليهم وإخضاعهم بالقوة وسخروا أجود الأراضي الفلاحية.,0,0,1,"مدعوم: لا  
مطابق: لا",0
w115,C4_oracle,1,البقايا الأثرية في موقع القصر الصغير تتمثل في مسجد، وحمام، ومركز تجاري من فترات القرن 12 الميلادي حتى القرن 14 الميلادي.,1,1,1,"مدعوم: نعم  
مطابق: نعم",0
w057,C4_oracle,1,سعيد العلام كتب رواية عذراء غرناطة.,0,0,1,"مدعوم: لا  
مطابق: لا",0
w108,C4_oracle,1,الارتفاع المضطرد لمديونية المغرب الخارجية لدى القوى الأوروبية كان السبب الرئيسي في تنظيم مؤتمر الجزيرة الخضراء سنة 1906.,1,1,1,"مدعوم: نعم  
مطابق: نعم",0
w192,C4_oracle,1,تزنيت بعيدة عن الرباط بـ 690 كلم وعند 90 كلم عن أكادير.,0,0,1,"مدعوم: لا  
مطابق: لا",0
w167,C4_oracle,1,كانو يستوطنون التلال المحادية للبحر شمال تلسمان، والجبال، والواحات والقصور الصحراوية.,0,0,1,"مدعوم: لا  
مطابق: لا",0
w051,C4_oracle,1,ثورة الشيخ بوعمامة دامت ثمانية وعشرون سنة.,1,1,1,"مدعوم: نعم  
مطابق: نعم",0
w144,C4_oracle,1,ترعرع الأيلاني بمدينة نفيس según الراجح.,1,1,1,"مدعوم: نعم  
مطابق: نعم",0
w198,C4_oracle,1,عبد الله بن إسماعيل تبايع ست مرات.,1,0,1,"مدعوم: نعم  
مطابق: لا",0
w155,C4_oracle,1,أُعلن عن الصندوق في عام 2020 في سياق تدابير الإنعاش الاقتصادي المعتمدة في أعقاب جائحة كوفيد-19.,1,1,1,"مدعوم: نعم  
مطابق: نعم",0
w130,C4_oracle,1,موقعها بين السلاسل الجبلية المذكورة، والتي تقف كحاجز أمام تسرب الكتل الهوائية الرطبة نحو الداخل، يوقفان الكتل الهوائية الرطبة من الوصول إلى منطقة تاوريرت.,1,1,1,"مدعوم: نعم  
مطابق: نعم",0
w060,C4_oracle,1,لرحلات السلطات الإسبانية القبائل الصحراوية فـ1969 كانت缘于西班牙殖民当局当年对这些部落进行了人口统计。,0,0,1,"مدعوم: لا  
مطابق: لا",0
w056,C4_oracle,1,ترجع النقوش الصخرية في إقليم السمارة إلى حوالي 4000-8000 ق.م.,0,1,1,"مدعوم: لا  
مطابق: نعم",0
w024,C4_oracle,1,صادرات المغرب عن النسيج إلى الولايات المتحدة ارتفعت بنسبة 122% في 2006.,1,1,1,"مدعوم: نعم  
مطابق: نعم",0
w008,C4_oracle,1,المعدل انتقل من 10.5% إلى 21.4% بالوسط القروي خلال الفترة ما بين 2014 و2024.,1,1,1,"مدعوم: نعم  
مطابق: نعم",0
w009,C4_oracle,1,المعلومة غير متوفرة في النصوص,0,0,1,"مدعوم: لا  
مطابق: لا",1
w109,C4_oracle,1,السفير الثاني هو أحمد بن المهدي الغزال، زار الأسكوريال.,1,0,1,"مدعوم: نعم  
مطابق: لا",0
w152,C4_oracle,1,أبرز الزعماء الذين قادوا المقاومة الأمازيغية ضد الرومان هم تتاكفاريناس وأيديمون ودونات.,1,1,1,"مدعوم: نعم  
مطابق: نعم",0
w023,C4_oracle,1,في عام 2006 تسجلت اتفاقية التجارة الحرة بين المغرب وأمريكا.,0,0,1,"مدعوم: لا  
مطابق: لا",0
w140,C4_oracle,1,السياسات الحكومية فيما يخص الأراضي الفلاحية كانت تشمل سحب الأراضي الزراعية من من يتهاون في زراعة الأرض للمحافظة على الإنتاج.,0,1,1,"مدعوم: لا  
مطابق: نعم",0
w174,C4_oracle,1,استهدفت حرب المدن القطارات، ومكاتب البريد، وثكنات الشرطة الاستعمارية، ومصالح المستوطنين الفرنسيين.,1,1,1,"مدعوم: نعم  
مطابق: نعم",0
w027,C4_oracle,1,"54,3%",0,1,1,"مدعوم: لا  
مطابق: نعم",0
w189,C4_oracle,1,"جائزة ""قارئ العام للعالم العربي"".",1,1,1,"مدعوم: نعم  
مطابق: نعم",0
w036,C4_oracle,1,المغرب يستورد حتى 60% من حاجياته في الحبوب حسب الحالة المناخية.,0,1,1,"مدعوم: لا  
مطابق: نعم",0
w058,C4_oracle,1,جائزة كتارا للرواية العربية في صنف الرواية غير المنشورة سنة 2020.,1,1,1,"مدعوم: نعم  
مطابق: نعم",0
w063,C4_oracle,1,الزربية والجلباب هي الصناعات التقليدية التي يشتهر بها مركز الريش.,1,1,1,"مدعوم: نعم  
مطابق: نعم",0
w071,C4_oracle,1,محمد العياشي حط جيشاً إسلامياً قوامه موريسكيي قصبة الأوداية والقراصنة الإنجليز في الحامية المغربية المهدية، مما هزم الإسبان وحاصرهم.,0,0,1,"مدعوم: لا  
مطابق: لا",0
w190,C4_oracle,1,"لأن القانون يقسم المغرب إلى عالمين متمايزين ومنفصلين، أحدهما عربي والآخر أمازيغي، ويروج لفكرة مقسمة إلى كتلتين بشريتين ""العرب"" و""البربر"".",0,1,1,"مدعوم: لا  
مطابق: نعم",0
w007,C4_oracle,1,شكيب بنموسى,1,1,1,"مدعوم: نعم  
مطابق: نعم",0
w029,C4_oracle,1,الناتج الداخلي الخام لقطاع الصيد البحري انتقل من 8.3 إلى 15 مليار درهم بين 2007 و2015.,1,1,1,"مدعوم: نعم  
مطابق: نعم",0
w164,C4_oracle,1,رجع السلطان محمد الخامس إلى الدار البيضاء ليؤيد الضحايا وعائلاتهم ودعا إلى إضراب عام ثم ذهب لطنجة ليلقي خطابه طلبا للاستقلال على الموعد المقرر.,1,0,1,"مدعوم: نعم  
مطابق: لا",0
